country_name,country_code_2,country_code_3,year,hosting_status,population,gdp_per_capita,life_expectancy,pop_20_39_percent,urban_population_percent,bmi_mean,area_sq_km,democracy_score,total_medal_count,slug_game
Germany,DE,GER,2004,0,82100000,44200,79.3,26.8,75.8,26.282758620689656,357000,10,57,athens-2004
Australia,AU,AUS,2004,0,20000000,43100,80.9,28.6,84.5,26.19310344827586,7740000,10,56,athens-2004
Japan,JP,JPN,2004,0,128000000,38400,82.5,27.0,84.6,22.7,378000,10,39,athens-2004
France,FR,FRA,2004,0,61200000,42000,80.3,26.8,76.9,25.18275862068966,549000,9,36,athens-2004
Italy,IT,ITA,2004,0,58200000,44500,80.8,28.5,67.6,25.76551724137931,302000,10,34,athens-2004
Cuba,CU,CUB,2004,0,11200000,6350,77.8,32.1,76.0,23.782758620689652,110000,-7,28,athens-2004
Spain,ES,ESP,2004,0,43200000,37700,80.3,32.4,77.0,26.17241379310345,505000,10,24,athens-2004
Netherlands,NL,NED,2004,0,16399999,49200,79.3,27.8,81.5,24.872413793103448,41500,10,23,athens-2004
Ukraine,UA,UKR,2004,0,48000000,11000,68.0,29.0,67.6,24.95862068965517,604000,6,23,athens-2004
Romania,RO,ROU,2004,0,21400000,15900,72.0,31.0,53.0,24.81034482758621,238000,9,21,athens-2004
Greece,GR,GRE,2004,1,10900000,34700,79.2,30.3,74.1,25.42068965517241,132000,10,19,athens-2004
Hungary,HU,HUN,2004,0,10100000,23400,73.1,29.3,65.9,26.106896551724137,93000,10,19,athens-2004
Belarus,BY,BLR,2004,0,9740000,11200,69.0,29.0,71.9,25.213793103448282,208000,-7,15,athens-2004
Canada,CA,CAN,2004,0,32100000,44700,80.2,28.0,80.0,26.43793103448276,9880000,10,14,athens-2004
Brazil,BR,BRA,2004,0,183000000,12500,72.3,33.4,82.5,24.089655172413792,8520000,8,13,athens-2004
Bulgaria,BG,BUL,2004,0,7750000,13800,71.0,28.2,70.2,25.810344827586206,111000,9,12,athens-2004
Poland,PL,POL,2004,0,38200000,18400,75.0,29.6,61.6,25.679310344827588,313000,10,12,athens-2004
Czech Republic,CZ,CZE,2004,0,10300000,28600,76.1,30.5,73.7,27.003448275862066,78900,10,10,athens-2004
Denmark,DK,DEN,2004,0,5400000,51100,78.0,26.8,85.6,25.075862068965513,42900,10,10,athens-2004
Turkey,TR,TUR,2004,0,68600000,17000,76.3,33.5,67.2,25.048275862068966,785000,7,10,athens-2004
Sweden,SE,SWE,2004,0,8990000,45100,80.7,26.0,84.3,25.441379310344825,447000,10,9,athens-2004
Argentina,AR,ARG,2004,0,38800000,18100,74.9,29.4,89.9,26.358620689655172,2780000,8,8,athens-2004
Austria,AT,AUT,2004,0,8170000,49000,79.5,28.6,59.1,25.57241379310345,83900,10,8,athens-2004
Kazakhstan,KZ,KAZ,2004,0,15900000,15600,64.6,31.9,56.4,25.12413793103448,2720000,-6,8,athens-2004
Thailand,TH,THA,2004,0,65500000,12200,73.7,33.7,36.2,21.768965517241377,513000,9,8,athens-2004
Croatia,HR,CRO,2004,0,4310000,22900,75.6,26.8,54.1,25.744827586206902,56600,8,7,athens-2004
Ethiopia,ET,ETH,2004,0,76100000,805,55.9,26.0,15.5,19.744827586206892,1140000,1,7,athens-2004
Kenya,KE,KEN,2004,0,34700000,3270,55.7,29.9,21.3,20.92413793103448,580000,8,7,athens-2004
Norway,NO,NOR    ,2004,0,4590000,63300,80.1,27.5,77.4,25.63103448275862,385000,10,7,athens-2004
Norway,NO,NOR,2004,0,4590000,63300,80.1,27.5,77.4,25.63103448275862,385000,10,7,athens-2004
South Africa,ZA,RSA,2004,0,49000000,11800,52.2,32.6,59.0,24.224137931034484,1220000,9,7,athens-2004
Switzerland,CH,SUI,2004,0,7380000,60600,81.4,28.0,73.5,25.610344827586207,41300,10,7,athens-2004
New Zealand,NZ,NZL,2004,0,4080000,36900,79.4,28.0,86.3,26.331034482758618,268000,10,6,athens-2004
Azerbaijan,AZ,AZE,2004,0,8490000,5820,67.2,33.3,52.2,24.76551724137931,86600,-7,5,athens-2004
Egypt,EG,EGY,2004,0,79500000,8450,68.5,31.2,43.0,25.50689655172414,1000000,-6,5,athens-2004
Indonesia,ID,INA,2004,0,228000000,6530,66.3,34.3,45.1,20.73448275862069,1910000,8,5,athens-2004
Jamaica,JM,JAM,2004,0,2670000,10100,76.8,32.2,52.6,22.99655172413793,11000,9,5,athens-2004
Slovenia,SI,SLO,2004,0,1990000,30400,77.4,29.8,51.3,26.389655172413796,20300,10,5,athens-2004
Uzbekistan,UZ,UZB,2004,0,26000000,3660,64.8,31.5,48.1,24.793103448275858,444000,-9,5,athens-2004
Chile,CL,CHI,2004,0,16200000,18000,77.6,31.2,86.7,25.62758620689655,756000,9,4,athens-2004
Georgia,GE,GEO,2004,0,4059999,6810,70.7,28.2,53.2,24.87241379310345,69700,7,4,athens-2004
Latvia,LV,LAT,2004,0,2260000,18500,71.3,27.8,67.9,25.46896551724138,64599,8,4,athens-2004
Mexico,MX,MEX,2004,0,104000000,17800,75.0,31.9,76.0,25.993103448275857,1960000,8,4,athens-2004
Belgium,BE,BEL,2004,0,10400000,46000,79.1,26.9,97.3,25.81724137931035,30500,10,3,athens-2004
Estonia,EE,EST,2004,0,1360000,24200,72.5,28.1,68.9,25.086206896551722,45200,9,3,athens-2004
Lithuania,LT,LTU,2004,0,3380000,19400,72.0,27.9,66.6,26.089655172413792,65300,10,3,athens-2004
Morocco,MA,MAR,2004,0,30000000,5790,70.5,32.6,54.6,24.37931034482759,447000,-6,3,athens-2004
Portugal,PT,POR,2004,0,10500000,31200,78.4,29.7,56.9,25.66896551724138,92100,10,3,athens-2004
Zimbabwe,ZW,ZIM,2004,0,12400000,1960,46.4,30.3,34.3,21.665517241379312,391000,-4,3,athens-2004
Colombia,CO,COL,2004,0,41500000,10100,75.6,32.3,75.6,23.49310344827586,1140000,7,2,athens-2004
Finland,FI,FIN,2004,0,5230000,44300,79.0,25.5,82.8,25.924137931034487,338000,10,2,athens-2004
Israel,IL,ISR,2004,0,6620000,30400,79.9,29.5,91.5,25.75862068965517,22100,10,2,athens-2004
Nigeria,NG,NGR,2004,0,141000000,3870,56.0,28.2,38.2,21.79310344827586,924000,4,2,athens-2004
Venezuela,VE,VEN,2004,0,26300000,15800,74.6,31.8,87.9,25.98620689655172,912000,6,2,athens-2004
Cameroon,CM,CMR,2004,0,16600000,3240,54.6,28.1,47.9,22.662068965517243,475000,-4,1,athens-2004
Dominican Republic,DO,DOM,2004,0,9100000,9550,72.6,32.0,66.0,23.813793103448276,48700,8,1,athens-2004
Eritrea,ER,ERI,2004,0,2600000,1720,57.4,28.2,30.2,20.441379310344825,122000,-7,1,athens-2004
India,IN,IND,2004,0,1140000000,3150,65.2,31.1,28.9,20.810344827586206,3290000,9,1,athens-2004
Mongolia,MN,MGL,2004,0,2540000,5510,62.5,35.2,61.4,23.920689655172417,1560000,10,1,athens-2004
Paraguay,PY,PAR,2004,0,5390000,8970,75.2,29.8,57.3,24.410344827586208,407000,8,1,athens-2004
Trinidad and Tobago,TT,TTO,2004,0,1350000,23000,71.6,33.8,55.2,25.365517241379308,5130,10,1,athens-2004
Germany,DE,GER,1996,0,82300000,40000,77.1,30.6,74.1,26.282758620689656,357000,10,71,atlanta-1996
Australia,AU,AUS,1996,0,18300000,35900,78.5,31.2,84.8,26.19310344827586,7740000,10,51,atlanta-1996
France,FR,FRA,1996,0,58400000,36800,78.4,29.2,75.1,25.18275862068966,549000,9,41,atlanta-1996
Italy,IT,ITA,1996,0,57200000,39900,78.5,30.8,67.0,25.76551724137931,301000,10,38,atlanta-1996
Cuba,CU,CUB,1996,0,11000000,4540,75.8,36.9,74.4,23.782758620689652,110000,-7,25,atlanta-1996
Ukraine,UA,UKR,1996,0,51200000,7060,67.3,29.4,67.0,24.95862068965517,604000,7,25,atlanta-1996
Canada,CA,CAN,1996,0,29800000,37400,78.4,31.6,78.0,26.43793103448276,9880000,10,24,atlanta-1996
Hungary,HU,HUN,1996,0,10300000,16300,70.8,27.5,65.1,26.106896551724137,93000,10,23,atlanta-1996
Romania,RO,ROU,1996,0,22500000,11900,69.0,29.3,53.6,24.81034482758621,238000,8,23,atlanta-1996
Netherlands,NL,NED,1996,0,15600000,41600,77.8,31.8,73.6,24.872413793103448,41500,10,21,atlanta-1996
Spain,ES,ESP,1996,0,40200000,30100,78.3,32.4,75.9,26.17241379310345,506000,10,20,atlanta-1996
Brazil,BR,BRA,1996,0,164000000,11600,69.5,32.7,78.3,24.089655172413792,8520000,8,19,atlanta-1996
Poland,PL,POL,1996,0,38400000,13400,72.5,28.6,61.5,25.679310344827588,313000,9,17,atlanta-1996
Bulgaria,BG,BUL,1996,0,8289999,11900,69.3,27.3,68.0,25.810344827586206,111000,8,16,atlanta-1996
Belarus,BY,BLR,1996,0,10200000,6660,68.9,29.8,68.3,25.213793103448282,208000,-7,15,atlanta-1996
Japan,JP,JPN,1996,0,126000000,37800,80.7,27.6,78.1,22.7,378000,10,15,atlanta-1996
Czech Republic,CZ,CZE,1996,0,10300000,23400,74.0,28.5,74.5,27.003448275862066,78900,10,13,atlanta-1996
Kazakhstan,KZ,KAZ,1996,0,16399999,9170,63.9,32.2,55.9,25.12413793103448,2720000,-4,11,atlanta-1996
Sweden,SE,SWE,1996,0,8840000,36000,79.3,27.3,83.9,25.441379310344825,447000,10,10,atlanta-1996
Greece,GR,GRE,1996,0,10600000,25500,77.9,29.5,72.2,25.42068965517241,132000,10,8,atlanta-1996
Kenya,KE,KEN,1996,0,27300000,3270,56.3,28.3,18.6,20.92413793103448,580000,-5,8,atlanta-1996
Norway,NO,NOR    ,1996,0,4380000,53500,78.3,29.8,74.1,25.63103448275862,385000,10,8,atlanta-1996
Norway,NO,NOR,1996,0,4380000,53500,78.3,29.8,74.1,25.63103448275862,385000,10,8,atlanta-1996
Switzerland,CH,SUI,1996,0,7070000,53700,79.3,30.6,73.6,25.610344827586207,41300,10,8,atlanta-1996
Belgium,BE,BEL,1996,0,10200000,39000,77.3,29.5,96.9,25.81724137931035,33100,10,6,atlanta-1996
Denmark,DK,DEN,1996,0,5260000,45000,75.9,29.7,85.0,25.075862068965513,42900,10,6,atlanta-1996
Indonesia,ID,INA,1996,0,203000000,6590,66.4,33.1,37.2,20.73448275862069,1910000,-7,6,atlanta-1996
Jamaica,JM,JAM,1996,0,2520000,9860,75.2,31.8,50.9,22.99655172413793,11000,9,6,atlanta-1996
New Zealand,NZ,NZL,1996,0,3730000,31100,77.0,31.1,85.7,26.331034482758618,268000,10,6,atlanta-1996
Nigeria,NG,NGR,1996,0,114000000,2900,54.4,26.9,32.7,21.79310344827586,924000,-6,6,atlanta-1996
Turkey,TR,TUR,1996,0,62000000,14400,71.5,32.5,62.7,25.048275862068966,785000,8,6,atlanta-1996
South Africa,ZA,RSA,1996,0,45100000,9990,61.8,31.0,55.0,24.224137931034484,1220000,9,5,atlanta-1996
Finland,FI,FIN,1996,0,5120000,33600,77.2,27.5,81.2,25.924137931034487,338000,10,4,atlanta-1996
Ireland,IE,IRL,1996,0,3640000,35400,76.0,29.5,58.2,26.5448275862069,70300,10,4,atlanta-1996
Algeria,DZ,ALG,1996,0,29000000,8110,69.6,31.0,56.8,23.37241379310345,2380000,-3,3,atlanta-1996
Argentina,AR,ARG,1996,0,35500000,18300,73.5,28.3,88.4,26.358620689655172,2780000,7,3,atlanta-1996
Austria,AT,AUT,1996,0,7960000,41700,77.3,31.7,61.3,25.57241379310345,83900,10,3,atlanta-1996
Ethiopia,ET,ETH,1996,0,59500000,796,50.1,26.8,14.0,19.744827586206892,1100000,1,3,atlanta-1996
Malaysia,MY,MAS,1996,0,20900000,16000,72.2,32.4,57.0,23.134482758620692,331000,3,3,atlanta-1996
Portugal,PT,POR,1996,0,10100000,26700,75.6,30.1,51.8,25.66896551724138,92100,10,3,atlanta-1996
Armenia,AM,ARM,1996,0,3280000,3640,70.4,28.7,65.8,24.2551724137931,29700,-6,2,atlanta-1996
Croatia,HR,CRO,1996,0,4560000,16100,73.5,28.3,52.5,25.744827586206902,56600,-5,2,atlanta-1996
Georgia,GE,GEO,1996,0,4810000,4080,70.9,29.9,53.6,24.87241379310345,69700,5,2,atlanta-1996
Morocco,MA,MAR,1996,0,26800000,4930,68.1,31.6,52.0,24.37931034482759,447000,-7,2,atlanta-1996
Slovenia,SI,SLO,1996,0,1990000,22900,75.3,30.4,50.6,26.389655172413796,20300,10,2,atlanta-1996
Thailand,TH,THA,1996,0,59900000,11200,70.6,36.6,30.4,21.768965517241377,513000,9,2,atlanta-1996
Uzbekistan,UZ,UZB,1996,0,23400000,3160,65.2,30.6,44.2,24.793103448275858,447000,-9,2,atlanta-1996
Azerbaijan,AZ,AZE,1996,0,7830000,3220,65.3,34.0,51.9,24.76551724137931,86600,-6,1,atlanta-1996
Burundi,BI,BDI,1996,0,6070000,933,43.0,24.1,7.41,21.279310344827586,27800,-5,1,atlanta-1996
Costa Rica,CR,CRC,1996,0,3620000,11400,77.1,32.1,55.5,24.97241379310345,51100,10,1,atlanta-1996
Ecuador,EC,ECU,1996,0,11800000,8770,73.5,30.9,58.3,24.610344827586204,284000,9,1,atlanta-1996
India,IN,IND,1996,0,980000000,2430,62.0,30.5,26.8,20.810344827586206,3290000,9,1,atlanta-1996
Israel,IL,ISR,1996,0,5500000,28900,78.0,28.9,90.9,25.75862068965517,22100,9,1,atlanta-1996
Latvia,LV,LAT,1996,0,2460000,10500,69.0,28.2,68.7,25.46896551724138,64599,8,1,atlanta-1996
Lithuania,LT,LTU,1996,0,3600000,11500,70.3,30.3,67.2,26.089655172413792,65300,10,1,atlanta-1996
Mexico,MX,MEX,1996,0,92500000,15600,72.7,31.8,73.7,25.993103448275857,1960000,4,1,atlanta-1996
Mongolia,MN,MGL,1996,0,2360000,3920,59.6,33.2,56.8,23.920689655172417,1560000,10,1,atlanta-1996
Mozambique,MZ,MOZ,1996,0,16500000,532,52.6,26.6,28.0,20.920689655172417,799000,5,1,atlanta-1996
Philippines,PH,PHI,1996,0,72200000,4530,69.9,31.2,46.5,22.051724137931036,300000,8,1,atlanta-1996
Tunisia,TN,TUN,1996,0,9290000,7010,73.3,32.5,61.9,23.551724137931036,164000,-3,1,atlanta-1996
Uganda,UG,UGA,1996,0,21200000,1220,48.1,26.5,13.2,21.713793103448282,242000,-4,1,atlanta-1996
Zambia,ZM,ZAM,1996,0,9000000,2010,46.1,26.9,36.6,20.075862068965524,753000,1,1,atlanta-1996
Germany,DE,GER,1992,0,80900000,38800,76.2,31.7,73.4,26.282758620689656,357000,10,92,barcelona-1992
France,FR,FRA,1992,0,57600000,35800,77.6,30.1,74.4,25.18275862068966,549000,9,32,barcelona-1992
Cuba,CU,CUB,1992,0,10800000,4760,75.2,36.2,73.8,23.782758620689652,110000,-7,31,barcelona-1992
Hungary,HU,HUN,1992,0,10400000,15100,69.1,27.7,65.6,26.106896551724137,93000,10,31,barcelona-1992
Australia,AU,AUS,1992,0,17500000,32400,77.6,32.1,85.3,26.19310344827586,7740000,10,30,barcelona-1992
Spain,ES,ESP,1992,1,39400000,28500,77.5,30.9,75.6,26.17241379310345,506000,10,26,barcelona-1992
Japan,JP,JPN,1992,0,124000000,36400,79.7,27.0,77.6,22.7,378000,10,23,barcelona-1992
Canada,CA,CAN,1992,0,28500000,35300,77.8,33.6,76.9,26.43793103448276,9880000,10,21,barcelona-1992
Poland,PL,POL,1992,0,38200000,10800,71.2,29.7,61.4,25.679310344827588,313000,8,21,barcelona-1992
Italy,IT,ITA,1992,0,57100000,37700,77.5,30.4,66.7,25.76551724137931,301000,10,20,barcelona-1992
Romania,RO,ROU,1992,0,22900000,9630,69.8,28.9,54.2,24.81034482758621,238000,5,19,barcelona-1992
Bulgaria,BG,BUL,1992,0,8560000,10900,69.8,27.0,67.1,25.810344827586206,111000,8,17,barcelona-1992
Netherlands,NL,NED,1992,0,15300000,38200,77.4,33.2,70.2,24.872413793103448,41500,10,16,barcelona-1992
Sweden,SE,SWE,1992,0,8670000,34400,78.3,27.6,83.4,25.441379310344825,447000,10,14,barcelona-1992
New Zealand,NZ,NZL,1992,0,3530000,27300,76.1,31.8,85.1,26.331034482758618,268000,10,12,barcelona-1992
Denmark,DK,DEN,1992,0,5170000,41000,75.5,29.9,84.9,25.075862068965513,42900,10,8,barcelona-1992
Kenya,KE,KEN,1992,0,24400000,3170,60.1,27.2,17.3,20.92413793103448,580000,-5,8,barcelona-1992
Norway,NO,NOR    ,1992,0,4290000,45300,77.3,30.4,72.7,25.63103448275862,385000,10,7,barcelona-1992
Norway,NO,NOR,1992,0,4290000,45300,77.3,30.4,72.7,25.63103448275862,385000,10,7,barcelona-1992
Indonesia,ID,INA,1992,0,190000000,5320,64.9,31.9,32.7,20.73448275862069,1910000,-7,6,barcelona-1992
Turkey,TR,TUR,1992,0,58000000,12900,69.6,31.6,60.5,25.048275862068966,785000,9,6,barcelona-1992
Finland,FI,FIN,1992,0,5040000,30800,76.0,29.4,80.1,25.924137931034487,338000,10,5,barcelona-1992
Croatia,HR,CRO,1992,0,4780000,13600,72.4,29.7,51.6,25.744827586206902,56500,-3,4,barcelona-1992
Jamaica,JM,JAM,1992,0,2420000,9090,75.9,31.2,49.9,22.99655172413793,11000,10,4,barcelona-1992
Nigeria,NG,NGR,1992,0,102000000,3060,54.7,26.2,30.7,21.79310344827586,924000,-5,4,barcelona-1992
Austria,AT,AUT,1992,0,7840000,39100,76.3,32.2,62.4,25.57241379310345,83900,10,3,barcelona-1992
Belgium,BE,BEL,1992,0,10000000,37400,76.5,30.5,96.5,25.81724137931035,33100,10,3,barcelona-1992
Brazil,BR,BRA,1992,0,154000000,10400,68.3,32.4,75.4,24.089655172413792,8520000,8,3,barcelona-1992
Estonia,EE,EST,1992,0,1540000,14000,69.5,28.6,70.9,25.086206896551722,45200,6,3,barcelona-1992
Ethiopia,ET,ETH,1992,0,51900000,685,48.9,27.0,13.1,19.744827586206892,1220000,0,3,barcelona-1992
Latvia,LV,LAT,1992,0,2610000,10900,68.8,28.7,68.9,25.46896551724138,64599,8,3,barcelona-1992
Morocco,MA,MAR,1992,0,25200000,4590,66.9,30.4,49.8,24.37931034482759,447000,-7,3,barcelona-1992
Slovenia,SI,SLO,1992,0,2000000,19700,74.5,31.0,50.5,26.389655172413796,20300,10,3,barcelona-1992
South Africa,ZA,RSA,1992,0,42400000,9290,63.6,31.3,53.0,24.224137931034484,1220000,6,3,barcelona-1992
Algeria,DZ,ALG,1992,0,26600000,8040,68.3,30.4,53.7,23.37241379310345,2380000,-7,2,barcelona-1992
Argentina,AR,ARG,1992,0,33700000,16500,72.8,28.2,87.5,26.358620689655172,2780000,7,2,barcelona-1992
Greece,GR,GRE,1992,0,10400000,24400,77.4,28.7,71.8,25.42068965517241,132000,10,2,barcelona-1992
Ireland,IE,IRL,1992,0,3560000,28000,75.4,28.7,57.3,26.5448275862069,70300,10,2,barcelona-1992
Israel,IL,ISR,1992,0,4960000,25500,77.1,29.1,90.6,25.75862068965517,22100,9,2,barcelona-1992
Lithuania,LT,LTU,1992,0,3700000,13700,70.4,30.4,67.5,26.089655172413792,65300,10,2,barcelona-1992
Malaysia,MY,MAS,1992,0,18800000,12300,72.4,32.4,51.8,23.134482758620692,331000,4,2,barcelona-1992
Mongolia,MN,MGL,1992,0,2240000,3610,60.1,31.2,56.9,23.920689655172417,1560000,9,2,barcelona-1992
Colombia,CO,COL,1992,0,33800000,9210,71.1,33.9,70.4,23.49310344827586,1140000,9,1,barcelona-1992
Ghana,GH,GHA,1992,0,16200000,2430,59.7,27.8,37.9,21.693103448275863,239000,-1,1,barcelona-1992
Mexico,MX,MEX,1992,0,86000000,15500,71.5,30.7,72.2,25.993103448275857,1960000,0,1,barcelona-1992
Pakistan,PK,PAK,1992,0,124000000,3420,60.9,27.2,31.1,21.837931034482757,796000,8,1,barcelona-1992
Peru,PE,PER,1992,0,22900000,5480,70.0,30.5,69.7,23.76551724137931,1290000,-3,1,barcelona-1992
Philippines,PH,PHI,1992,0,65900000,4230,69.3,31.6,46.8,22.051724137931036,300000,8,1,barcelona-1992
Qatar,QA,QAT,1992,0,470000,45100,69.8,45.4,93.8,26.348275862068963,11600,-10,1,barcelona-1992
Suriname,SR,SUR,1992,0,418000,14100,68.5,34.6,65.9,24.19655172413793,164000,5,1,barcelona-1992
Switzerland,CH,SUI,1992,0,6880000,53000,78.4,31.5,73.8,25.610344827586207,41300,10,1,barcelona-1992
Thailand,TH,THA,1992,0,56500000,9110,71.3,36.9,29.8,21.768965517241377,513000,9,1,barcelona-1992
Australia,AU,AUS,2008,0,21400000,45200,81.7,28.6,84.9,26.19310344827586,7740000,10,52,beijing-2008
Germany,DE,GER,2008,0,81100000,47900,80.2,24.6,76.6,26.282758620689656,357000,10,49,beijing-2008
France,FR,FRA,2008,0,62800000,43200,81.2,25.8,77.9,25.18275862068966,549000,9,45,beijing-2008
Cuba,CU,CUB,2008,0,11300000,8350,78.4,29.4,76.4,23.782758620689652,110000,-7,30,beijing-2008
Italy,IT,ITA,2008,0,59600000,44800,81.6,26.3,68.1,25.76551724137931,302000,10,28,beijing-2008
Japan,JP,JPN,2008,0,128000000,39100,83.1,25.8,89.1,22.7,378000,10,26,beijing-2008
Spain,ES,ESP,2008,0,46200000,39400,81.4,31.2,78.0,26.17241379310345,505000,10,25,beijing-2008
Ukraine,UA,UKR,2008,0,46800000,13800,68.3,30.2,68.3,24.95862068965517,604000,7,23,beijing-2008
Canada,CA,CAN,2008,0,33400000,46200,81.1,27.2,80.6,26.43793103448276,9880000,10,22,beijing-2008
Brazil,BR,BRA,2008,0,190000000,14200,73.5,33.7,83.7,24.089655172413792,8520000,8,21,beijing-2008
Netherlands,NL,NED,2008,0,16600000,54100,80.5,25.9,85.4,24.872413793103448,41500,10,18,beijing-2008
Belarus,BY,BLR,2008,0,9530000,16100,70.5,29.9,73.7,25.213793103448282,208000,-7,17,beijing-2008
Kenya,KE,KEN,2008,0,39200000,3540,59.4,30.5,22.8,20.92413793103448,580000,7,16,beijing-2008
Hungary,HU,HUN,2008,0,10000000,25900,74.2,29.7,67.9,26.106896551724137,93000,10,12,beijing-2008
Poland,PL,POL,2008,0,38000000,22500,75.6,30.9,61.1,25.679310344827588,313000,10,12,beijing-2008
New Zealand,NZ,NZL,2008,0,4260000,38000,80.4,26.9,86.3,26.331034482758618,268000,10,11,beijing-2008
Denmark,DK,DEN,2008,0,5490000,53200,79.0,25.1,86.5,25.075862068965513,42900,10,10,beijing-2008
Jamaica,JM,JAM,2008,0,2730000,10400,75.2,32.7,53.4,22.99655172413793,11000,9,10,beijing-2008
Romania,RO,ROU,2008,0,20700000,22200,73.4,30.8,53.6,24.81034482758621,238000,9,10,beijing-2008
Kazakhstan,KZ,KAZ,2008,0,16399999,19900,66.3,33.0,56.7,25.12413793103448,2720000,-6,9,beijing-2008
Norway,NO,NOR    ,2008,0,4770000,65000,80.9,26.7,78.5,25.63103448275862,385000,10,9,beijing-2008
Norway,NO,NOR,2008,0,4770000,65000,80.9,26.7,78.5,25.63103448275862,385000,10,9,beijing-2008
Argentina,AR,ARG,2008,0,40400000,23100,75.7,29.9,90.5,26.358620689655172,2780000,8,8,beijing-2008
Czech Republic,CZ,CZE,2008,0,10400000,34700,77.3,30.5,73.4,27.003448275862066,78900,8,8,beijing-2008
Indonesia,ID,INA,2008,0,240000000,7660,68.9,33.8,48.3,20.73448275862069,1910000,8,8,beijing-2008
Switzerland,CH,SUI,2008,0,7640000,66600,82.4,26.8,73.6,25.610344827586207,41300,10,8,beijing-2008
Ethiopia,ET,ETH,2008,0,85500000,1080,60.8,26.1,16.5,19.744827586206892,1140000,1,7,beijing-2008
Georgia,GE,GEO,2008,0,3940000,9430,71.5,29.0,54.8,24.87241379310345,69700,6,7,beijing-2008
Sweden,SE,SWE,2008,0,9220000,48300,81.5,25.4,84.7,25.441379310344825,447000,10,7,beijing-2008
Azerbaijan,AZ,AZE,2008,0,8940000,12800,68.5,33.9,53.0,24.76551724137931,86600,-7,6,beijing-2008
Thailand,TH,THA,2008,0,67600000,13600,76.5,32.3,41.2,21.768965517241377,513000,4,6,beijing-2008
Armenia,AM,ARM,2008,0,2960000,10300,73.5,30.6,63.6,24.2551724137931,29700,5,5,beijing-2008
Bulgaria,BG,BUL,2008,0,7540000,18300,71.9,28.4,71.6,25.810344827586206,111000,9,5,beijing-2008
Croatia,HR,CRO,2008,0,4310000,26800,75.9,26.5,54.8,25.744827586206902,56600,9,5,beijing-2008
Finland,FI,FIN,2008,0,5310000,49000,80.0,24.7,83.3,25.924137931034487,338000,10,5,beijing-2008
Lithuania,LT,LTU,2008,0,3200000,26900,71.4,27.5,66.8,26.089655172413792,65300,10,5,beijing-2008
Mexico,MX,MEX,2008,0,110000000,18700,75.2,31.9,77.2,25.993103448275857,1960000,8,5,beijing-2008
Nigeria,NG,NGR,2008,0,158000000,4430,58.5,28.2,41.7,21.79310344827586,924000,4,5,beijing-2008
Slovenia,SI,SLO,2008,0,2029999,36200,79.1,29.0,52.2,26.389655172413796,20300,10,5,beijing-2008
Turkey,TR,TUR,2008,0,71600000,19800,77.0,33.1,69.7,25.048275862068966,785000,7,5,beijing-2008
Greece,GR,GRE,2008,0,11100000,37500,80.0,29.1,75.6,25.42068965517241,132000,10,4,beijing-2008
Mongolia,MN,MGL,2008,0,2630000,7410,64.5,36.5,65.6,23.920689655172417,1560000,10,4,beijing-2008
Uzbekistan,UZ,UZB,2008,0,27500000,4550,65.7,33.2,50.0,24.793103448275858,444000,-9,4,beijing-2008
Zimbabwe,ZW,ZIM,2008,0,13000000,1360,48.9,32.1,33.6,21.665517241379312,391000,-4,4,beijing-2008
Austria,AT,AUT,2008,0,8320000,53300,80.5,26.9,58.0,25.57241379310345,83900,10,3,beijing-2008
Colombia,CO,COL,2008,0,43800000,11600,77.6,31.7,77.2,23.49310344827586,1140000,7,3,beijing-2008
Estonia,EE,EST,2008,0,1340000,29800,74.4,28.6,68.4,25.086206896551722,45200,9,3,beijing-2008
India,IN,IND,2008,0,1210000000,3750,66.1,31.7,30.2,20.810344827586206,3290000,9,3,beijing-2008
Ireland,IE,IRL,2008,0,4490000,56800,80.0,33.2,61.1,26.5448275862069,70300,10,3,beijing-2008
Latvia,LV,LAT,2008,0,2180000,25000,72.1,28.6,67.8,25.46896551724138,64599,8,3,beijing-2008
Serbia,RS,SRB,2008,0,7450000,14700,73.5,27.1,54.5,25.968965517241376,88400,8,3,beijing-2008
Algeria,DZ,ALG,2008,0,34800000,11000,73.9,36.9,66.1,23.37241379310345,2380000,2,2,beijing-2008
Belgium,BE,BEL,2008,0,10700000,48600,79.9,26.0,97.6,25.81724137931035,30500,8,2,beijing-2008
Dominican Republic,DO,DOM,2008,0,9570000,12000,73.3,31.9,71.3,23.813793103448276,48700,8,2,beijing-2008
Egypt,EG,EGY,2008,0,85900000,9870,69.3,32.0,43.1,25.50689655172414,1000000,-3,2,beijing-2008
Morocco,MA,MAR,2008,0,31600000,6550,71.4,33.1,56.9,24.37931034482759,447000,-6,2,beijing-2008
Portugal,PT,POR,2008,0,10600000,32400,79.7,28.1,59.4,25.66896551724138,92100,10,2,beijing-2008
Tajikistan,TJ,TJK,2008,0,7340000,2260,67.9,31.1,26.5,23.893103448275863,143000,-3,2,beijing-2008
Afghanistan,AF,AFG,2008,0,26500000,1570,59.2,25.6,23.3,21.013793103448283,653000,-7,1,beijing-2008
Cameroon,CM,CMR,2008,0,18600000,3310,56.6,28.8,50.4,22.662068965517243,475000,-4,1,beijing-2008
Chile,CL,CHI,2008,0,16800000,20800,78.7,30.9,87.0,25.62758620689655,756000,10,1,beijing-2008
Ecuador,EC,ECU,2008,0,14600000,10400,73.8,31.6,62.3,24.610344827586204,256000,5,1,beijing-2008
Israel,IL,ISR,2008,0,7080000,33800,81.0,29.4,91.7,25.75862068965517,22100,10,1,beijing-2008
Malaysia,MY,MAS,2008,0,27600000,19900,74.3,33.1,69.2,23.134482758620692,331000,6,1,beijing-2008
Mauritius,MU,MRI,2008,0,1270000,16300,73.7,31.7,41.8,23.565517241379315,2040,10,1,beijing-2008
Panama,PA,PAN,2008,0,3500000,21500,78.4,32.1,64.6,24.772413793103446,75400,9,1,beijing-2008
Singapore,SG,SGP,2008,0,4810000,71600,82.1,38.4,100.0,23.3655172413793,710,-2,1,beijing-2008
South Africa,ZA,RSA,2008,0,51100000,13700,54.3,34.5,61.2,24.224137931034484,1220000,9,1,beijing-2008
Sudan,SD,SUD,2008,0,33600000,4990,66.8,27.3,32.9,21.33103448275862,2510000,-4,1,beijing-2008
Togo,TG,TOG,2008,0,6370000,1500,58.1,29.9,36.6,21.24827586206897,56800,-4,1,beijing-2008
Tunisia,TN,TUN,2008,0,10500000,10200,75.9,34.7,66.1,23.551724137931036,164000,-4,1,beijing-2008
Venezuela,VE,VEN,2008,0,28100000,20300,74.4,31.8,88.0,25.98620689655172,912000,5,1,beijing-2008
Vietnam,VN,VIE,2008,0,85200000,5760,73.0,34.3,29.1,19.7448275862069,331000,-7,1,beijing-2008
Hungary,HU,HUN,1952,0,9500000,6190,64.0,29.4,55.9,26.106896551724137,93000,-7,40,helsinki-1952
Sweden,SE,SWE,1952,0,7120000,15200,72.0,28.8,72.5,25.441379310344825,447000,10,34,helsinki-1952
Germany,DE,GER,1952,0,69800000,10100,67.3,25.9,71.4,26.282758620689656,357000,10,23,helsinki-1952
Italy,IT,ITA,1952,0,47000000,8990,66.2,29.9,59.4,25.76551724137931,301000,10,23,helsinki-1952
Finland,FI,FIN,1952,1,4090000,10400,66.7,28.9,55.3,25.924137931034487,338000,10,21,helsinki-1952
France,FR,FRA,1952,0,42800000,12100,68.1,27.0,61.9,25.18275862068966,549000,10,17,helsinki-1952
Switzerland,CH,SUI,1952,0,4810000,18200,69.6,28.9,70.9,25.610344827586207,41300,10,15,helsinki-1952
Australia,AU,AUS,1952,0,8630000,16200,69.5,30.6,81.5,26.19310344827586,7740000,10,12,helsinki-1952
South Africa,ZA,RSA,1952,0,13600000,6080,52.4,29.2,46.6,24.224137931034484,1220000,4,11,helsinki-1952
Japan,JP,JPN,1952,0,89100000,5080,63.4,29.8,63.3,22.7,378000,10,9,helsinki-1952
Denmark,DK,DEN,1952,0,4330000,15400,71.1,28.2,73.7,25.075862068965513,42900,10,7,helsinki-1952
Argentina,AR,ARG,1952,0,17700000,10800,64.2,32.2,73.6,26.358620689655172,2780000,-9,6,helsinki-1952
Belgium,BE,BEL,1952,0,8700000,12600,68.0,28.1,92.5,25.81724137931035,33100,10,5,helsinki-1952
Jamaica,JM,JAM,1952,0,1480000,3510,59.2,30.8,33.8,22.99655172413793,11000,10,5,helsinki-1952
Netherlands,NL,NED,1952,0,10400000,13400,72.1,28.9,59.8,24.872413793103448,41500,10,5,helsinki-1952
Norway,NO,NOR    ,1952,0,3330000,13200,72.6,29.8,49.9,25.63103448275862,385000,10,5,helsinki-1952
Norway,NO,NOR,1952,0,3330000,13200,72.6,29.8,49.9,25.63103448275862,385000,10,5,helsinki-1952
Poland,PL,POL,1952,0,25700000,5560,60.1,30.2,47.9,25.679310344827588,313000,-7,4,helsinki-1952
Romania,RO,ROU,1952,0,16800000,1520,61.8,30.2,34.2,24.81034482758621,238000,-7,4,helsinki-1952
Austria,AT,AUT,1952,0,6930000,9060,66.7,26.1,64.7,25.57241379310345,83900,10,3,helsinki-1952
Brazil,BR,BRA,1952,0,56700000,3300,48.5,29.3,46.1,24.089655172413792,8520000,5,3,helsinki-1952
New Zealand,NZ,NZL,1952,0,2000000,17200,69.8,28.5,76.0,26.331034482758618,268000,10,3,helsinki-1952
Turkey,TR,TUR,1952,0,22300000,3810,46.2,27.7,31.5,25.048275862068966,785000,7,3,helsinki-1952
Uruguay,UY,URU,1952,0,2280000,10100,66.6,30.6,80.2,25.29310344827586,176000,8,3,helsinki-1952
Canada,CA,CAN,1952,0,14500000,17300,69.0,30.1,69.1,26.43793103448276,9880000,10,2,helsinki-1952
Chile,CL,CHI,1952,0,6890000,8250,53.5,30.9,67.8,25.62758620689655,756000,2,2,helsinki-1952
India,IN,IND,1952,0,362000000,1310,44.5,30.1,17.9,20.810344827586206,3290000,9,2,helsinki-1952
Portugal,PT,POR,1952,0,8520000,4880,60.3,30.1,35.0,25.66896551724138,92100,-9,2,helsinki-1952
Trinidad and Tobago,TT,TTO,1952,0,683000,7820,58.6,28.5,34.2,25.365517241379308,5130,8,2,helsinki-1952
Bulgaria,BG,BUL,1952,0,7360000,3820,60.1,31.9,37.1,25.810344827586206,111000,-7,1,helsinki-1952
Egypt,EG,EGY,1952,0,22100000,2040,43.7,29.9,37.9,25.50689655172414,1000000,-7,1,helsinki-1952
Ireland,IE,IRL,1952,0,2940000,8380,67.3,26.5,45.2,26.5448275862069,70300,10,1,helsinki-1952
Mexico,MX,MEX,1952,0,29100000,5450,50.2,27.2,50.8,25.993103448275857,1960000,-6,1,helsinki-1952
Spain,ES,ESP,1952,0,28400000,5930,64.5,31.7,56.6,26.17241379310345,506000,-7,1,helsinki-1952
Venezuela,VE,VEN,1952,0,5980000,13100,59.5,27.9,61.6,25.98620689655172,912000,-3,1,helsinki-1952
Germany,DE,GER,2012,0,80900000,49900,80.8,24.0,77.2,26.282758620689656,357000,10,49,london-2012
Australia,AU,AUS,2012,0,22900000,46400,82.6,28.5,85.4,26.19310344827586,7740000,10,40,london-2012
Japan,JP,JPN,2012,0,128000000,38700,83.6,23.7,91.1,22.7,378000,10,39,london-2012
France,FR,FRA,2012,0,64099999,42800,82.0,24.8,78.9,25.18275862068966,549000,9,38,london-2012
Italy,IT,ITA,2012,0,60500000,41500,82.4,24.5,68.7,25.76551724137931,302000,10,29,london-2012
Netherlands,NL,NED,2012,0,16900000,51900,81.2,24.7,88.6,24.872413793103448,41500,10,21,london-2012
Spain,ES,ESP,2012,0,47000000,35800,82.4,28.4,78.9,26.17241379310345,506000,10,21,london-2012
Brazil,BR,BRA,2012,0,197000000,15400,74.3,33.4,84.9,24.089655172413792,8520000,8,20,london-2012
Canada,CA,CAN,2012,0,34900000,46100,82.0,27.2,81.1,26.43793103448276,9880000,10,20,london-2012
Hungary,HU,HUN,2012,0,9920000,24800,75.4,28.4,69.7,26.106896551724137,93000,10,20,london-2012
New Zealand,NZ,NZL,2012,0,4410000,38800,81.2,25.8,86.2,26.331034482758618,268000,10,19,london-2012
Ukraine,UA,UKR,2012,0,46200000,13000,71.6,30.4,68.8,24.95862068965517,604000,6,19,london-2012
Cuba,CU,CUB,2012,0,11300000,9920,78.8,27.6,76.8,23.782758620689652,110000,-7,15,london-2012
Belarus,BY,BLR,2012,0,9460000,18600,72.3,30.3,75.7,25.213793103448282,208000,-7,13,london-2012
Denmark,DK,DEN,2012,0,5590000,51200,80.3,24.7,87.1,25.075862068965513,42900,10,13,london-2012
Poland,PL,POL,2012,0,38200000,25300,76.9,31.3,60.7,25.679310344827588,313000,10,13,london-2012
Czech Republic,CZ,CZE,2012,0,10500000,33700,78.3,29.9,73.2,27.003448275862066,78900,8,12,london-2012
Jamaica,JM,JAM,2012,0,2770000,9720,77.0,33.7,54.1,22.99655172413793,11000,9,12,london-2012
Kenya,KE,KEN,2012,0,43900000,3900,62.6,30.7,24.4,20.92413793103448,580000,8,12,london-2012
Kazakhstan,KZ,KAZ,2012,0,17300000,22700,68.6,32.9,57.0,25.12413793103448,2720000,-6,11,london-2012
Azerbaijan,AZ,AZE,2012,0,9380000,14000,69.5,34.5,53.9,24.76551724137931,86600,-7,10,london-2012
Mexico,MX,MEX,2012,0,117000000,18800,75.7,32.0,78.4,25.993103448275857,1960000,8,10,london-2012
Colombia,CO,COL,2012,0,45700000,12900,79.0,31.8,78.7,23.49310344827586,1140000,7,9,london-2012
Sweden,SE,SWE,2012,0,9520000,48300,82.1,26.0,85.6,25.441379310344825,447000,10,9,london-2012
Ethiopia,ET,ETH,2012,0,95800000,1410,64.9,27.1,18.2,19.744827586206892,1140000,1,7,london-2012
Romania,RO,ROU,2012,0,20200000,22000,74.7,28.5,54.0,24.81034482758621,238000,9,7,london-2012
Croatia,HR,CRO,2012,0,4260000,24100,77.4,26.1,55.5,25.744827586206902,56600,9,6,london-2012
Georgia,GE,GEO,2012,0,3840000,11300,72.5,29.3,56.3,24.87241379310345,69700,6,6,london-2012
India,IN,IND,2012,0,1280000000,4550,68.0,32.4,31.6,20.810344827586206,3290000,9,6,london-2012
Ireland,IE,IRL,2012,0,4600000,53600,81.0,30.0,61.9,26.5448275862069,70300,10,6,london-2012
South Africa,ZA,RSA,2012,0,53800000,13900,60.1,35.6,63.3,24.224137931034484,1220000,9,6,london-2012
Argentina,AR,ARG,2012,0,42200000,24100,76.2,30.3,91.1,26.358620689655172,2780000,8,5,london-2012
Lithuania,LT,LTU,2012,0,2990000,27300,74.0,26.1,66.9,26.089655172413792,65300,10,5,london-2012
Mongolia,MN,MGL,2012,0,2800000,9590,66.1,36.5,68.0,23.920689655172417,1560000,10,5,london-2012
Slovenia,SI,SLO,2012,0,2049999,32600,80.2,27.8,53.1,26.389655172413796,20300,10,5,london-2012
Egypt,EG,EGY,2012,0,93200000,10300,69.7,32.1,42.9,25.50689655172414,1000000,-2,4,london-2012
Norway,NO,NOR    ,2012,0,5020000,62400,81.6,26.7,79.9,25.63103448275862,385000,10,4,london-2012
Norway,NO,NOR,2012,0,5020000,62400,81.6,26.7,79.9,25.63103448275862,385000,10,4,london-2012
Serbia,RS,SRB,2012,0,7320000,14900,74.8,26.8,55.4,25.968965517241376,88400,8,4,london-2012
Switzerland,CH,SUI,2012,0,8000000,65800,83.1,26.7,73.7,25.610344827586207,41300,10,4,london-2012
Thailand,TH,THA,2012,0,69400000,15100,77.7,30.7,45.4,21.768965517241377,513000,7,4,london-2012
Belgium,BE,BEL,2012,0,11100000,48200,80.5,25.8,97.7,25.81724137931035,30500,8,3,london-2012
Bulgaria,BG,BUL,2012,0,7320000,18900,73.0,27.7,73.0,25.810344827586206,111000,9,3,london-2012
Finland,FI,FIN,2012,0,5410000,46000,80.9,24.9,84.8,25.924137931034487,338000,10,3,london-2012
Greece,GR,GRE,2012,0,11000000,28300,80.6,26.9,77.0,25.42068965517241,132000,10,3,london-2012
Indonesia,ID,INA,2012,0,253000000,9020,69.8,32.9,51.3,20.73448275862069,1910000,8,3,london-2012
Latvia,LV,LAT,2012,0,2029999,24000,74.2,27.8,67.9,25.46896551724138,64599,8,3,london-2012
Tunisia,TN,TUN,2012,0,11000000,10400,76.5,34.1,67.2,23.551724137931036,164000,-4,3,london-2012
Turkey,TR,TUR,2012,0,75200000,22400,77.0,33.0,72.0,25.048275862068966,785000,9,3,london-2012
Armenia,AM,ARM,2012,0,2920000,10300,74.6,32.2,63.2,24.2551724137931,29700,5,2,london-2012
Dominican Republic,DO,DOM,2012,0,10100000,13100,72.9,32.0,75.8,23.813793103448276,48700,8,2,london-2012
Estonia,EE,EST,2012,0,1320000,29000,76.5,28.2,68.0,25.086206896551722,45200,9,2,london-2012
Malaysia,MY,MAS,2012,0,29700000,21700,74.8,34.6,72.3,23.134482758620692,331000,6,2,london-2012
Portugal,PT,POR,2012,0,10500000,30200,80.8,26.2,61.8,25.66896551724138,92200,10,2,london-2012
Qatar,QA,QAT,2012,0,1910000,111000,74.3,56.6,98.7,26.348275862068963,11600,-10,2,london-2012
Singapore,SG,SGP,2012,0,5290000,82900,83.3,39.2,100.0,23.3655172413793,716,-2,2,london-2012
Uzbekistan,UZ,UZB,2012,0,29300000,5470,66.7,34.6,51.0,24.793103448275858,444000,-9,2,london-2012
Afghanistan,AF,AFG,2012,0,30600000,2120,61.4,26.3,24.2,21.013793103448283,653000,-7,1,london-2012
Algeria,DZ,ALG,2012,0,37600000,11300,74.9,36.5,68.9,23.37241379310345,2380000,2,1,london-2012
Bahrain,BH,BRN,2012,0,1220000,47800,75.7,46.8,88.8,25.78620689655172,770,-8,1,london-2012
Botswana,BW,BOT,2012,0,2110000,13000,58.6,35.4,64.8,20.624137931034483,582000,8,1,london-2012
Cameroon,CM,CMR,2012,0,20800000,3370,58.8,29.3,52.8,22.662068965517243,475000,-4,1,london-2012
Cyprus,CY,CYP,2012,0,1170000,35700,80.1,35.1,67.3,26.289655172413788,9250,10,1,london-2012
Gabon,GA,GAB,2012,0,1850000,14400,64.5,32.5,86.6,23.12413793103448,268000,3,1,london-2012
Guatemala,GT,GUA,2012,0,15100000,7590,71.1,30.8,49.0,24.189655172413794,109000,8,1,london-2012
Kuwait,KW,KUW,2012,0,3340000,60600,81.0,43.9,100.0,27.16551724137931,17800,-7,1,london-2012
Montenegro,ME,MNE,2012,0,634000,16800,75.2,28.5,64.8,25.834482758620688,13800,9,1,london-2012
Morocco,MA,MAR,2012,0,33400000,7170,72.3,33.1,59.1,24.37931034482759,447000,-4,1,london-2012
Saudi Arabia,SA,KSA,2012,0,27100000,46000,72.6,43.5,82.5,26.400000000000002,2150000,-10,1,london-2012
Tajikistan,TJ,TJK,2012,0,8010000,2610,68.3,31.8,26.5,23.893103448275863,143000,-3,1,london-2012
Uganda,UG,UGA,2012,0,34300000,2010,61.4,26.1,20.4,21.713793103448282,242000,-1,1,london-2012
Venezuela,VE,VEN,2012,0,29600000,20000,75.2,31.8,88.1,25.98620689655172,912000,-3,1,london-2012
Romania,RO,ROU,1984,0,22500000,12400,70.0,27.0,48.9,24.81034482758621,238000,-8,58,los-angeles-1984
Canada,CA,CAN,1984,0,25700000,33800,76.3,35.3,76.2,26.43793103448276,9880000,10,51,los-angeles-1984
Italy,IT,ITA,1984,0,56800000,31000,75.5,28.4,66.8,25.76551724137931,301000,10,33,los-angeles-1984
Japan,JP,JPN,1984,0,120000000,28100,77.8,29.6,76.6,22.7,378000,10,33,los-angeles-1984
France,FR,FRA,1984,0,55200000,31100,75.6,30.6,73.6,25.18275862068966,549000,8,31,los-angeles-1984
Australia,AU,AUS,1984,0,15600000,29500,75.5,32.6,85.6,26.19310344827586,7740000,10,26,los-angeles-1984
Sweden,SE,SWE,1984,0,8340000,32500,77.1,28.7,83.1,25.441379310344825,447000,10,21,los-angeles-1984
Netherlands,NL,NED,1984,0,14500000,31900,76.4,33.1,66.3,24.872413793103448,41500,10,14,los-angeles-1984
New Zealand,NZ,NZL,1984,0,3250000,29000,74.4,31.7,83.6,26.331034482758618,268000,10,13,los-angeles-1984
Finland,FI,FIN,1984,0,4880000,29200,75.0,33.0,75.0,25.924137931034487,338000,10,12,los-angeles-1984
Brazil,BR,BRA,1984,0,133000000,10000,64.2,31.2,69.0,24.089655172413792,8520000,-3,8,los-angeles-1984
Spain,ES,ESP,1984,0,38400000,21200,76.4,28.3,74.0,26.17241379310345,506000,10,8,los-angeles-1984
Switzerland,CH,SUI,1984,0,6440000,45400,77.0,30.8,74.3,25.610344827586207,41300,10,8,los-angeles-1984
Denmark,DK,DEN,1984,0,5110000,36100,74.8,30.3,84.2,25.075862068965513,42900,10,6,los-angeles-1984
Mexico,MX,MEX,1984,0,73500000,15000,68.4,28.4,68.4,25.993103448275857,1960000,-3,6,los-angeles-1984
Belgium,BE,BEL,1984,0,9870000,31500,74.3,30.4,95.8,25.81724137931035,33100,10,5,los-angeles-1984
Norway,NO,NOR    ,1984,0,4139999,37700,76.5,30.0,71.2,25.63103448275862,385000,10,4,los-angeles-1984
Norway,NO,NOR,1984,0,4139999,37700,76.5,30.0,71.2,25.63103448275862,385000,10,4,los-angeles-1984
Austria,AT,AUT,1984,0,7560000,32700,73.9,29.3,64.6,25.57241379310345,83900,10,3,los-angeles-1984
Jamaica,JM,JAM,1984,0,2260000,7480,72.7,28.0,48.2,22.99655172413793,11000,10,3,los-angeles-1984
Kenya,KE,KEN,1984,0,18500000,2850,63.3,24.6,16.0,20.92413793103448,580000,-7,3,los-angeles-1984
Portugal,PT,POR,1984,0,9960000,17600,73.0,28.1,44.8,25.66896551724138,92100,10,3,los-angeles-1984
Turkey,TR,TUR,1984,0,49600000,10000,66.1,28.9,50.6,25.048275862068966,785000,7,3,los-angeles-1984
Venezuela,VE,VEN,1984,0,17000000,18100,71.3,30.4,81.4,25.98620689655172,912000,9,3,los-angeles-1984
Algeria,DZ,ALG,1984,0,21300000,8830,63.3,27.2,47.1,23.37241379310345,2380000,-9,2,los-angeles-1984
Greece,GR,GRE,1984,0,9980000,22000,75.8,27.4,70.3,25.42068965517241,132000,8,2,los-angeles-1984
Morocco,MA,MAR,1984,0,21600000,4070,63.8,27.7,44.1,24.37931034482759,447000,-8,2,los-angeles-1984
Nigeria,NG,NGR,1984,0,82500000,2580,54.8,26.1,24.9,21.79310344827586,924000,-7,2,los-angeles-1984
Cameroon,CM,CMR,1984,0,9480000,3990,57.1,25.0,35.4,22.662068965517243,475000,-8,1,los-angeles-1984
Colombia,CO,COL,1984,0,28600000,8010,70.2,31.8,66.4,23.49310344827586,1140000,8,1,los-angeles-1984
Dominican Republic,DO,DOM,1984,0,6290000,5990,70.0,30.4,53.6,23.813793103448276,48700,6,1,los-angeles-1984
Egypt,EG,EGY,1984,0,49200000,5510,60.5,28.7,43.9,25.50689655172414,1000000,-6,1,los-angeles-1984
Ireland,IE,IRL,1984,0,3520000,21100,73.7,28.5,56.1,26.5448275862069,70300,10,1,los-angeles-1984
Pakistan,PK,PAK,1984,0,95200000,2690,60.8,27.4,29.1,21.837931034482757,796000,-7,1,los-angeles-1984
Peru,PE,PER,1984,0,19200000,7140,65.9,28.9,66.4,23.76551724137931,1290000,7,1,los-angeles-1984
Thailand,TH,THA,1984,0,49400000,5370,69.3,32.6,27.8,21.768965517241377,513000,2,1,los-angeles-1984
Zambia,ZM,ZAM,1984,0,6580000,2220,55.4,24.7,39.7,20.075862068965524,753000,-9,1,los-angeles-1984
Australia,AU,AUS,1956,0,9420000,17600,70.4,28.7,81.5,26.19310344827586,7740000,10,39,melbourne-1956
Hungary,HU,HUN,1956,0,9850000,6480,65.7,28.5,55.9,26.106896551724137,93000,-7,29,melbourne-1956
Italy,IT,ITA,1956,0,48400000,10800,68.3,29.4,59.4,25.76551724137931,301000,10,24,melbourne-1956
Germany,DE,GER,1956,0,70600000,13700,68.9,26.1,71.4,26.282758620689656,357000,10,22,melbourne-1956
Japan,JP,JPN,1956,0,93300000,6270,66.1,31.3,63.3,22.7,378000,10,19,melbourne-1956
Sweden,SE,SWE,1956,0,7320000,16800,72.9,26.9,72.5,25.441379310344825,447000,10,16,melbourne-1956
Finland,FI,FIN,1956,0,4280000,11700,68.1,27.7,55.3,25.924137931034487,338000,10,15,melbourne-1956
France,FR,FRA,1956,0,44600000,13900,69.5,27.1,61.9,25.18275862068966,549000,10,15,melbourne-1956
Romania,RO,ROU,1956,0,17700000,1820,63.6,31.1,34.2,24.81034482758621,238000,-7,14,melbourne-1956
Poland,PL,POL,1956,0,27500000,6260,64.9,29.9,47.9,25.679310344827588,313000,-7,9,melbourne-1956
Turkey,TR,TUR,1956,0,25100000,4200,47.7,27.9,31.5,25.048275862068966,785000,4,7,melbourne-1956
Bulgaria,BG,BUL,1956,0,7590000,4120,65.7,32.0,37.1,25.810344827586206,111000,-7,5,melbourne-1956
Canada,CA,CAN,1956,0,16200000,19000,70.3,29.0,69.1,26.43793103448276,9880000,10,5,melbourne-1956
Ireland,IE,IRL,1956,0,2880000,9010,69.1,25.3,45.2,26.5448275862069,70300,10,5,melbourne-1956
Austria,AT,AUT,1956,0,6950000,12200,67.8,25.2,64.7,25.57241379310345,83900,10,4,melbourne-1956
Chile,CL,CHI,1956,0,7490000,8090,56.1,30.6,67.8,25.62758620689655,756000,5,4,melbourne-1956
South Africa,ZA,RSA,1956,0,14900000,6820,53.3,28.1,46.6,24.224137931034484,1220000,4,4,melbourne-1956
Denmark,DK,DEN,1956,0,4470000,16500,72.2,26.7,73.7,25.075862068965513,42900,10,3,melbourne-1956
New Zealand,NZ,NZL,1956,0,2180000,19500,70.8,26.9,76.0,26.331034482758618,268000,10,3,melbourne-1956
Norway,NO,NOR    ,1956,0,3460000,14900,73.3,27.3,49.9,25.63103448275862,385000,10,3,melbourne-1956
Norway,NO,NOR,1956,0,3460000,14900,73.3,27.3,49.9,25.63103448275862,385000,10,3,melbourne-1956
Argentina,AR,ARG,1956,0,19000000,12100,65.2,31.3,73.6,26.358620689655172,2780000,-3,2,melbourne-1956
Belgium,BE,BEL,1956,0,8880000,14200,69.0,27.5,92.5,25.81724137931035,33100,10,2,melbourne-1956
Mexico,MX,MEX,1956,0,32600000,6260,54.5,26.6,50.8,25.993103448275857,1960000,-6,2,melbourne-1956
Brazil,BR,BRA,1956,0,64000000,3670,50.4,28.8,46.1,24.089655172413792,8520000,5,1,melbourne-1956
Greece,GR,GRE,1956,0,8060000,6320,71.7,32.5,55.9,25.42068965517241,132000,4,1,melbourne-1956
India,IN,IND,1956,0,397000000,1410,46.0,29.4,17.9,20.810344827586206,3290000,9,1,melbourne-1956
Pakistan,PK,PAK,1956,0,41100000,1400,49.3,29.7,22.1,21.837931034482757,796000,8,1,melbourne-1956
Uruguay,UY,URU,1956,0,2400000,11200,68.2,30.6,80.2,25.29310344827586,176000,8,1,melbourne-1956
Hungary,HU,HUN,1968,0,10200000,10900,69.4,28.0,59.3,26.106896551724137,93000,-7,35,mexico-city-1968
Japan,JP,JPN,1968,0,104000000,16100,72.2,35.1,70.3,22.7,378000,10,25,mexico-city-1968
Poland,PL,POL,1968,0,32100000,9150,70.3,27.9,51.3,25.679310344827588,313000,-7,18,mexico-city-1968
Australia,AU,AUS,1968,0,12000000,23400,71.0,27.1,83.7,26.19310344827586,7740000,10,17,mexico-city-1968
Italy,IT,ITA,1968,0,52700000,19600,71.2,28.1,63.3,25.76551724137931,301000,10,17,mexico-city-1968
France,FR,FRA,1968,0,49900000,21300,72.1,26.2,70.2,25.18275862068966,549000,5,16,mexico-city-1968
Romania,RO,ROU,1968,0,19400000,4500,67.8,30.3,39.3,24.81034482758621,238000,-7,16,mexico-city-1968
Bulgaria,BG,BUL,1968,0,8369999,7510,71.4,29.4,49.8,25.810344827586206,111000,-7,9,mexico-city-1968
Denmark,DK,DEN,1968,0,4860000,26100,73.3,27.2,78.7,25.075862068965513,42900,10,9,mexico-city-1968
Kenya,KE,KEN,1968,0,10500000,2340,57.4,24.8,9.53,20.92413793103448,580000,0,9,mexico-city-1968
Mexico,MX,MEX,1968,1,47700000,9740,61.0,25.5,57.4,25.993103448275857,1960000,-6,9,mexico-city-1968
Netherlands,NL,NED,1968,0,12700000,23600,73.8,27.7,61.3,24.872413793103448,41500,10,9,mexico-city-1968
Austria,AT,AUT,1968,0,7410000,19600,70.3,26.0,65.2,25.57241379310345,83900,10,5,mexico-city-1968
Canada,CA,CAN,1968,0,20700000,24400,72.4,26.8,74.7,26.43793103448276,9880000,10,5,mexico-city-1968
Switzerland,CH,SUI,1968,0,6070000,33700,73.0,29.6,73.3,25.610344827586207,41300,10,5,mexico-city-1968
Brazil,BR,BRA,1968,0,90700000,5600,56.1,27.2,54.0,24.089655172413792,8520000,-9,4,mexico-city-1968
Cuba,CU,CUB,1968,0,8510000,4560,70.1,27.9,59.9,23.782758620689652,110000,-7,4,mexico-city-1968
Finland,FI,FIN,1968,0,4630000,17100,70.1,28.3,62.1,25.924137931034487,338000,10,4,mexico-city-1968
Mongolia,MN,MGL,1968,0,1230000,2020,49.4,23.1,43.7,23.920689655172417,1560000,-7,4,mexico-city-1968
Sweden,SE,SWE,1968,0,7910000,24000,74.4,26.7,79.5,25.441379310344825,447000,10,4,mexico-city-1968
Belgium,BE,BEL,1968,0,9550000,20500,70.8,25.9,93.6,25.81724137931035,33100,10,3,mexico-city-1968
New Zealand,NZ,NZL,1968,0,2750000,23000,71.4,25.3,80.3,26.331034482758618,268000,10,3,mexico-city-1968
Norway,NO,NOR    ,1968,0,3820000,21700,74.0,24.5,62.3,25.63103448275862,385000,10,3,mexico-city-1968
Norway,NO,NOR,1968,0,3820000,21700,74.0,24.5,62.3,25.63103448275862,385000,10,3,mexico-city-1968
Argentina,AR,ARG,1968,0,23200000,15100,66.0,29.2,77.9,26.358620689655172,2780000,-9,2,mexico-city-1968
Ethiopia,ET,ETH,1968,0,26300000,1120,42.3,28.6,8.26,19.744827586206892,1220000,-9,2,mexico-city-1968
Tunisia,TN,TUN,1968,0,4880000,3250,54.8,25.6,41.8,23.551724137931036,164000,-9,2,mexico-city-1968
Turkey,TR,TUR,1968,0,34900000,6450,55.7,26.5,36.6,25.048275862068966,785000,8,2,mexico-city-1968
Uganda,UG,UGA,1968,0,9710000,1630,51.1,24.4,6.28,21.713793103448282,242000,-6,2,mexico-city-1968
Cameroon,CM,CMR,1968,0,6130000,2200,50.7,27.3,18.9,22.662068965517243,475000,-7,1,mexico-city-1968
Greece,GR,GRE,1968,0,8720000,12800,73.2,30.2,62.5,25.42068965517241,132000,-7,1,mexico-city-1968
India,IN,IND,1968,0,523000000,1520,48.3,26.7,19.4,20.810344827586206,3290000,9,1,mexico-city-1968
Jamaica,JM,JAM,1968,0,1830000,7570,67.7,22.0,39.8,22.99655172413793,11000,10,1,mexico-city-1968
Pakistan,PK,PAK,1968,0,56800000,1820,56.3,28.1,24.3,21.837931034482757,796000,1,1,mexico-city-1968
Venezuela,VE,VEN,1968,0,10700000,18900,66.5,26.1,70.0,25.98620689655172,912000,7,1,mexico-city-1968
Romania,RO,ROU,1976,0,21500000,8540,70.3,29.1,43.3,24.81034482758621,238000,-7,29,montreal-1976
Poland,PL,POL,1976,0,34300000,12400,71.1,30.5,55.9,25.679310344827588,313000,-7,27,montreal-1976
Hungary,HU,HUN,1976,0,10600000,13800,69.6,29.7,62.6,26.106896551724137,93000,-7,26,montreal-1976
Japan,JP,JPN,1976,0,115000000,22600,75.2,33.6,75.9,22.7,378000,10,25,montreal-1976
Bulgaria,BG,BUL,1976,0,8760000,10400,71.4,28.4,58.5,25.810344827586206,111000,-7,24,montreal-1976
Cuba,CU,CUB,1976,0,9570000,5330,73.2,28.1,65.0,23.782758620689652,110000,-7,13,montreal-1976
Italy,IT,ITA,1976,0,55500000,25800,73.1,27.1,65.8,25.76551724137931,301000,10,13,montreal-1976
Canada,CA,CAN,1976,1,23500000,30500,74.0,31.4,75.5,26.43793103448276,9880000,10,11,montreal-1976
France,FR,FRA,1976,0,53000000,27600,73.6,28.0,73.0,25.18275862068966,549000,8,9,montreal-1976
Australia,AU,AUS,1976,0,14000000,27300,72.8,29.8,84.9,26.19310344827586,7740000,10,6,montreal-1976
Belgium,BE,BEL,1976,0,9760000,28200,72.4,27.1,94.6,25.81724137931035,33100,10,6,montreal-1976
Finland,FI,FIN,1976,0,4730000,23800,72.4,31.9,68.6,25.924137931034487,338000,10,6,montreal-1976
Sweden,SE,SWE,1976,0,8220000,28900,75.4,28.4,82.8,25.441379310344825,447000,10,6,montreal-1976
Netherlands,NL,NED,1976,0,13800000,29900,74.9,30.2,63.5,24.872413793103448,41500,10,5,montreal-1976
New Zealand,NZ,NZL,1976,0,3130000,27200,72.6,28.4,83.0,26.331034482758618,268000,10,4,montreal-1976
Switzerland,CH,SUI,1976,0,6300000,39000,75.3,29.8,74.3,25.610344827586207,41300,10,4,montreal-1976
Brazil,BR,BRA,1976,0,110000000,9640,60.4,28.8,61.7,24.089655172413792,8520000,-4,3,montreal-1976
Denmark,DK,DEN,1976,0,5070000,31300,74.2,29.2,82.6,25.075862068965513,42900,10,3,montreal-1976
Norway,NO,NOR    ,1976,0,4030000,29300,75.3,27.3,68.7,25.63103448275862,385000,10,3,montreal-1976
Norway,NO,NOR,1976,0,4030000,29300,75.3,27.3,68.7,25.63103448275862,385000,10,3,montreal-1976
Spain,ES,ESP,1976,0,36200000,19700,74.0,26.2,70.2,26.17241379310345,506000,1,3,montreal-1976
Jamaica,JM,JAM,1976,0,2049999,8190,71.1,23.0,44.6,22.99655172413793,11000,10,2,montreal-1976
Mexico,MX,MEX,1976,0,60600000,12400,64.6,26.0,63.5,25.993103448275857,1960000,-6,2,montreal-1976
Portugal,PT,POR,1976,0,9310000,15000,69.8,26.3,41.2,25.66896551724138,92100,9,2,montreal-1976
Austria,AT,AUT,1976,0,7560000,27600,71.8,27.3,65.4,25.57241379310345,83900,10,1,montreal-1976
Mongolia,MN,MGL,1976,0,1530000,2600,55.9,22.8,49.4,23.920689655172417,1560000,-7,1,montreal-1976
Pakistan,PK,PAK,1976,0,71600000,2120,59.4,26.4,26.7,21.837931034482757,796000,8,1,montreal-1976
Thailand,TH,THA,1976,0,41900000,3950,66.6,28.6,24.4,21.768965517241377,513000,-7,1,montreal-1976
Venezuela,VE,VEN,1976,0,13600000,22600,67.8,27.8,76.5,25.98620689655172,912000,9,1,montreal-1976
Bulgaria,BG,BUL,1980,0,8860000,11500,71.2,28.4,62.1,25.810344827586206,111000,-7,43,moscow-1980
Hungary,HU,HUN,1980,0,10700000,15300,69.1,29.7,64.2,26.106896551724137,93000,-7,36,moscow-1980
Poland,PL,POL,1980,0,35600000,12600,70.5,31.8,58.1,25.679310344827588,313000,-6,33,moscow-1980
Romania,RO,ROU,1980,0,22200000,10500,69.6,27.5,46.1,24.81034482758621,238000,-8,28,moscow-1980
Cuba,CU,CUB,1980,0,9800000,5770,73.6,29.0,68.1,23.782758620689652,110000,-7,20,moscow-1980
Italy,IT,ITA,1980,0,56400000,29700,74.2,27.2,66.6,25.76551724137931,301000,10,16,moscow-1980
France,FR,FRA,1980,0,53900000,30200,74.7,29.2,73.3,25.18275862068966,549000,8,14,moscow-1980
Sweden,SE,SWE,1980,0,8310000,29800,76.1,29.0,83.1,25.441379310344825,447000,10,13,moscow-1980
Australia,AU,AUS,1980,0,14700000,28700,74.5,31.4,85.6,26.19310344827586,7740000,10,9,moscow-1980
Finland,FI,FIN,1980,0,4780000,27000,74.0,32.4,71.7,25.924137931034487,338000,10,9,moscow-1980
Spain,ES,ESP,1980,0,37500000,20800,75.5,27.0,72.8,26.17241379310345,506000,9,9,moscow-1980
Brazil,BR,BRA,1980,0,121000000,11200,62.7,30.0,65.5,24.089655172413792,8520000,-4,6,moscow-1980
Denmark,DK,DEN,1980,0,5120000,33000,74.4,29.9,83.7,25.075862068965513,42900,10,6,moscow-1980
Austria,AT,AUT,1980,0,7550000,31200,72.8,28.3,65.4,25.57241379310345,83900,10,5,moscow-1980
Ethiopia,ET,ETH,1980,0,34400000,1090,44.8,25.8,10.4,19.744827586206892,1220000,-7,4,moscow-1980
Mexico,MX,MEX,1980,0,67300000,15100,66.2,26.9,66.3,25.993103448275857,1960000,-3,4,moscow-1980
Mongolia,MN,MGL,1980,0,1700000,3100,57.2,24.6,52.1,23.920689655172417,1560000,-7,4,moscow-1980
Greece,GR,GRE,1980,0,9650000,22300,75.3,26.5,69.3,25.42068965517241,132000,8,3,moscow-1980
Ireland,IE,IRL,1980,0,3420000,20200,72.7,27.3,55.3,26.5448275862069,70300,10,3,moscow-1980
Jamaica,JM,JAM,1980,0,2150000,7120,73.8,25.6,46.7,22.99655172413793,11000,10,3,moscow-1980
Netherlands,NL,NED,1980,0,14200000,31700,75.9,31.7,64.7,24.872413793103448,41500,10,3,moscow-1980
Switzerland,CH,SUI,1980,0,6320000,43800,76.0,30.1,74.5,25.610344827586207,41300,10,2,moscow-1980
Belgium,BE,BEL,1980,0,9830000,30800,73.3,28.6,95.4,25.81724137931035,33100,10,1,moscow-1980
Guyana,GY,GUY,1980,0,774000,5950,62.4,27.7,30.5,23.072413793103454,215000,-7,1,moscow-1980
India,IN,IND,1980,0,687000000,1620,55.2,28.4,23.1,20.810344827586206,3290000,8,1,moscow-1980
Uganda,UG,UGA,1980,0,13300000,1040,50.8,24.7,7.53,21.713793103448282,242000,3,1,moscow-1980
Venezuela,VE,VEN,1980,0,15300000,21500,69.7,29.2,79.2,25.98620689655172,912000,9,1,moscow-1980
Zimbabwe,ZW,ZIM,1980,0,7040000,2670,60.4,24.5,22.4,21.665517241379312,391000,4,1,moscow-1980
Hungary,HU,HUN,1972,0,10400000,12000,69.7,28.4,61.0,26.106896551724137,93000,-7,36,munich-1972
Japan,JP,JPN,1972,0,109000000,21100,73.7,35.3,73.5,22.7,378000,10,29,munich-1972
Poland,PL,POL,1972,0,33000000,10400,71.0,28.9,53.3,25.679310344827588,313000,-7,23,munich-1972
Bulgaria,BG,BUL,1972,0,8580000,8670,71.1,29.0,54.4,25.810344827586206,111000,-7,22,munich-1972
Australia,AU,AUS,1972,0,13300000,25600,71.8,28.4,84.3,26.19310344827586,7740000,10,18,munich-1972
Italy,IT,ITA,1972,0,54100000,22600,72.3,27.5,65.0,25.76551724137931,301000,10,18,munich-1972
Romania,RO,ROU,1972,0,20600000,6230,69.3,29.5,41.3,24.81034482758621,238000,-7,18,munich-1972
Sweden,SE,SWE,1972,0,8119999,26700,75.0,27.7,81.9,25.441379310344825,447000,10,17,munich-1972
France,FR,FRA,1972,0,51700000,25300,72.9,27.0,71.9,25.18275862068966,549000,8,15,munich-1972
Kenya,KE,KEN,1972,0,12200000,2530,59.0,23.9,11.3,20.92413793103448,580000,-7,9,munich-1972
Cuba,CU,CUB,1972,0,9120000,4590,72.8,27.8,61.8,23.782758620689652,110000,-7,8,munich-1972
Finland,FI,FIN,1972,0,4640000,21900,71.3,29.9,65.4,25.924137931034487,338000,10,8,munich-1972
Netherlands,NL,NED,1972,0,13300000,27200,74.0,28.8,62.2,24.872413793103448,41500,10,6,munich-1972
Canada,CA,CAN,1972,0,22200000,27300,73.0,28.9,76.0,26.43793103448276,9880000,10,5,munich-1972
Norway,NO,NOR    ,1972,0,3930000,24800,74.5,25.5,66.7,25.63103448275862,385000,10,5,munich-1972
Norway,NO,NOR,1972,0,3930000,24800,74.5,25.5,66.7,25.63103448275862,385000,10,5,munich-1972
Switzerland,CH,SUI,1972,0,6260000,40200,74.0,29.8,74.0,25.610344827586207,41300,10,4,munich-1972
Austria,AT,AUT,1972,0,7540000,24500,70.7,26.2,65.3,25.57241379310345,83900,10,3,munich-1972
Colombia,CO,COL,1972,0,21800000,6710,65.1,26.4,58.1,23.49310344827586,1140000,7,3,munich-1972
New Zealand,NZ,NZL,1972,0,2920000,25600,72.0,26.4,81.8,26.331034482758618,268000,10,3,munich-1972
Belgium,BE,BEL,1972,0,9690000,24900,71.5,26.1,94.1,25.81724137931035,33100,10,2,munich-1972
Brazil,BR,BRA,1972,0,100000000,7480,58.0,27.7,57.9,24.089655172413792,8520000,-9,2,munich-1972
Ethiopia,ET,ETH,1972,0,29400000,1170,43.1,27.7,8.93,19.744827586206892,1220000,-9,2,munich-1972
Greece,GR,GRE,1972,0,8850000,18200,74.1,27.2,65.5,25.42068965517241,132000,-7,2,munich-1972
Uganda,UG,UGA,1972,0,10900000,1650,52.2,24.3,6.81,21.713793103448282,242000,-7,2,munich-1972
Argentina,AR,ARG,1972,0,24600000,17300,67.3,29.3,79.7,26.358620689655172,2780000,-9,1,munich-1972
Denmark,DK,DEN,1972,0,4990000,29600,73.7,28.3,80.7,25.075862068965513,42900,10,1,munich-1972
Ghana,GH,GHA,1972,0,9440000,3000,55.2,25.9,29.4,21.693103448275863,239000,-7,1,munich-1972
India,IN,IND,1972,0,570000000,1540,50.1,26.7,20.3,20.810344827586206,3290000,9,1,munich-1972
Jamaica,JM,JAM,1972,0,1930000,9180,69.5,21.8,42.4,22.99655172413793,11000,10,1,munich-1972
Mexico,MX,MEX,1972,0,54000000,11000,62.8,25.5,60.5,25.993103448275857,1960000,-6,1,munich-1972
Mongolia,MN,MGL,1972,0,1370000,2260,52.5,22.2,46.5,23.920689655172417,1560000,-7,1,munich-1972
Niger,NE,NIG,1972,0,4900000,1750,43.0,27.0,9.77,20.772413793103443,1270000,-7,1,munich-1972
Nigeria,NG,NGR,1972,0,58600000,3120,50.2,27.9,18.5,21.79310344827586,924000,-7,1,munich-1972
Pakistan,PK,PAK,1972,0,63600000,1960,57.9,26.9,25.4,21.837931034482757,796000,4,1,munich-1972
Spain,ES,ESP,1972,0,34500000,16700,72.8,26.8,67.5,26.17241379310345,506000,-7,1,munich-1972
Tunisia,TN,TUN,1972,0,5400000,4570,58.7,25.8,45.1,23.551724137931036,164000,-9,1,munich-1972
Turkey,TR,TUR,1972,0,38400000,7660,58.7,26.5,39.6,25.048275862068966,785000,-2,1,munich-1972
Germany,DE,GER,2016,0,82800000,51900,81.0,24.5,77.2,26.282758620689656,358000,10,48,rio-2016
France,FR,FRA,2016,0,65099999,43700,82.8,23.8,79.9,25.18275862068966,549000,9,45,rio-2016
Japan,JP,JPN,2016,0,127000000,40700,84.5,21.5,91.5,22.7,378000,10,43,rio-2016
Australia,AU,AUS,2016,0,24300000,48100,83.0,28.6,85.8,26.19310344827586,7740000,10,34,rio-2016
Italy,IT,ITA,2016,0,60500000,40800,83.0,22.7,69.9,25.76551724137931,302000,10,31,rio-2016
Canada,CA,CAN,2016,0,36400000,47500,82.3,27.0,81.3,26.43793103448276,9880000,10,24,rio-2016
Brazil,BR,BRA,2016,1,203000000,14400,75.0,32.8,86.0,24.089655172413792,8520000,8,23,rio-2016
New Zealand,NZ,NZL,2016,0,4710000,41600,81.9,27.0,86.4,26.331034482758618,268000,10,23,rio-2016
Netherlands,NL,NED,2016,0,17200000,53800,81.7,24.7,90.6,24.872413793103448,41500,10,21,rio-2016
Spain,ES,ESP,2016,0,46700000,38500,83.0,25.1,79.8,26.17241379310345,506000,10,19,rio-2016
Azerbaijan,AZ,AZE,2016,0,9870000,14200,70.3,34.3,55.0,24.76551724137931,86600,-7,18,rio-2016
Denmark,DK,DEN,2016,0,5730000,54200,81.0,25.0,87.6,25.075862068965513,42900,10,18,rio-2016
Kazakhstan,KZ,KAZ,2016,0,18400000,24200,71.1,31.4,57.3,25.12413793103448,2720000,-6,18,rio-2016
Hungary,HU,HUN,2016,0,9810000,28200,76.3,26.7,70.8,26.106896551724137,93000,10,16,rio-2016
Kenya,KE,KEN,2016,0,48100000,4240,65.1,30.7,26.1,20.92413793103448,580000,8,13,rio-2016
Poland,PL,POL,2016,0,38300000,28500,77.9,30.2,60.2,25.679310344827588,313000,10,13,rio-2016
Uzbekistan,UZ,UZB,2016,0,31300000,6660,67.6,34.9,50.6,24.793103448275858,449000,-9,13,rio-2016
Croatia,HR,CRO,2016,0,4139999,26000,78.4,25.0,56.4,25.744827586206902,88100,9,12,rio-2016
Czech Republic,CZ,CZE,2016,0,10500000,37000,79.2,27.0,73.6,27.003448275862066,78900,8,12,rio-2016
Ukraine,UA,UKR,2016,0,45600000,11500,72.9,29.5,69.2,24.95862068965517,604000,6,12,rio-2016
Cuba,CU,CUB,2016,0,11300000,11100,78.5,25.7,76.9,23.782758620689652,110000,-7,11,rio-2016
Jamaica,JM,JAM,2016,0,2810000,9910,76.2,34.9,55.1,22.99655172413793,11000,9,11,rio-2016
South Africa,ZA,RSA,2016,0,57300000,13800,62.7,36.1,65.3,24.224137931034484,1220000,9,11,rio-2016
Sweden,SE,SWE,2016,0,9920000,51300,82.6,26.1,86.9,25.441379310344825,528000,10,11,rio-2016
Belarus,BY,BLR,2016,0,9500000,17900,73.8,29.2,77.7,25.213793103448282,208000,-7,9,rio-2016
Serbia,RS,SRB,2016,0,7130000,16200,75.5,25.8,55.8,25.968965517241376,88400,8,9,rio-2016
Colombia,CO,COL,2016,0,47400000,14400,79.8,32.2,80.1,23.49310344827586,1140000,7,8,rio-2016
Ethiopia,ET,ETH,2016,0,107000000,1860,67.4,28.8,19.9,19.744827586206892,1140000,1,8,rio-2016
Malaysia,MY,MAS,2016,0,31800000,24900,75.0,35.3,74.8,23.134482758620692,331000,6,8,rio-2016
Switzerland,CH,SUI,2016,0,8369999,67900,83.8,26.7,73.7,25.610344827586207,41300,10,8,rio-2016
Turkey,TR,TUR,2016,0,81700000,26000,77.5,33.2,74.1,25.048275862068966,785000,9,8,rio-2016
Georgia,GE,GEO,2016,0,3790000,13000,73.1,28.2,57.8,24.87241379310345,69700,6,7,rio-2016
Greece,GR,GRE,2016,0,10800000,28200,81.0,24.5,78.4,25.42068965517241,132000,10,7,rio-2016
Lithuania,LT,LTU,2016,0,2870000,31900,74.9,25.6,67.4,26.089655172413792,65300,10,7,rio-2016
Belgium,BE,BEL,2016,0,11300000,49800,81.3,25.5,97.9,25.81724137931035,30500,8,6,rio-2016
Norway,NO,NOR    ,2016,0,5240000,63500,82.5,26.8,81.5,25.63103448275862,625000,10,6,rio-2016
Norway,NO,NOR,2016,0,5240000,63500,82.5,26.8,81.5,25.63103448275862,625000,10,6,rio-2016
Thailand,TH,THA,2016,0,70900000,16400,78.0,29.6,48.4,21.768965517241377,513000,7,6,rio-2016
Argentina,AR,ARG,2016,0,43900000,23200,76.2,30.3,91.6,26.358620689655172,2780000,8,5,rio-2016
Mexico,MX,MEX,2016,0,122000000,19800,75.5,31.9,79.6,25.993103448275857,1960000,8,5,rio-2016
Romania,RO,ROU,2016,0,19800000,24800,75.3,26.4,53.9,24.81034482758621,238000,9,5,rio-2016
Armenia,AM,ARM,2016,0,2920000,11600,75.3,32.1,63.1,24.2551724137931,29700,5,4,rio-2016
Indonesia,ID,INA,2016,0,265000000,10500,70.7,32.0,54.0,20.73448275862069,1910000,8,4,rio-2016
Slovenia,SI,SLO,2016,0,2060000,34900,81.3,25.7,54.0,26.389655172413796,20700,10,4,rio-2016
Bulgaria,BG,BUL,2016,0,7130000,20700,73.3,25.8,74.3,25.810344827586206,111000,9,3,rio-2016
Egypt,EG,EGY,2016,0,102000000,10800,70.2,31.4,42.7,25.50689655172414,1000000,-2,3,rio-2016
Ireland,IE,IRL,2016,0,4750000,72300,81.9,27.7,62.7,26.5448275862069,70300,10,3,rio-2016
Tunisia,TN,TUN,2016,0,11500000,10800,77.2,32.7,68.3,23.551724137931036,164000,-4,3,rio-2016
Venezuela,VE,VEN,2016,0,30800000,14500,75.6,31.4,88.2,25.98620689655172,912000,-3,3,rio-2016
Algeria,DZ,ALG,2016,0,40900000,11900,75.7,34.5,71.5,23.37241379310345,2380000,2,2,rio-2016
Austria,AT,AUT,2016,0,8740000,53300,81.8,26.4,57.9,25.57241379310345,83900,10,2,rio-2016
Bahrain,BH,BRN,2016,0,1430000,48500,76.8,46.2,89.1,25.78620689655172,779,-8,2,rio-2016
India,IN,IND,2016,0,1340000000,5790,70.0,32.8,33.2,20.810344827586206,3290000,9,2,rio-2016
Israel,IL,ISR,2016,0,8210000,38600,83.0,27.5,92.3,25.75862068965517,22100,10,2,rio-2016
Mongolia,MN,MGL,2016,0,3040000,11100,67.8,34.3,68.3,23.920689655172417,1560000,10,2,rio-2016
Vietnam,VN,VIE,2016,0,94000000,8550,74.0,34.0,34.5,19.7448275862069,331000,-7,2,rio-2016
Burundi,BI,BDI,2016,0,11200000,764,62.4,28.9,12.4,21.279310344827586,27800,6,1,rio-2016
Dominican Republic,DO,DOM,2016,0,10600000,16000,72.1,31.9,79.4,23.813793103448276,48700,8,1,rio-2016
Estonia,EE,EST,2016,0,1320000,32000,77.7,27.0,68.6,25.086206896551722,45300,9,1,rio-2016
Fiji,FJ,FIJ,2016,0,919000,12200,68.0,32.5,55.2,24.34137931034483,18300,-4,1,rio-2016
Finland,FI,FIN,2016,0,5500000,46200,81.8,25.2,85.3,25.924137931034487,338000,10,1,rio-2016
Jordan,JO,JOR,2016,0,10000000,9630,78.1,32.8,90.5,26.137931034482754,89300,-3,1,rio-2016
Morocco,MA,MAR,2016,0,35000000,7630,72.8,32.5,61.4,24.37931034482759,447000,-4,1,rio-2016
Niger,NE,NIG,2016,0,20700000,1140,61.1,25.0,16.3,20.772413793103443,1270000,6,1,rio-2016
Nigeria,NG,NGR,2016,0,195000000,5210,62.7,27.9,48.7,21.79310344827586,924000,4,1,rio-2016
Philippines,PH,PHI,2016,0,107000000,7620,71.0,32.0,46.5,22.051724137931036,300000,8,1,rio-2016
Portugal,PT,POR,2016,0,10300000,31800,81.6,23.8,64.1,25.66896551724138,92200,10,1,rio-2016
Qatar,QA,QAT,2016,0,2600000,97800,75.7,57.5,99.0,26.348275862068963,11500,-10,1,rio-2016
Singapore,SG,SGP,2016,0,5580000,91300,84.4,39.0,100.0,23.3655172413793,719,-2,1,rio-2016
Tajikistan,TJ,TJK,2016,0,8870000,3090,68.6,32.1,26.9,23.893103448275863,141000,-3,1,rio-2016
Germany,DE,GER,1960,0,72800000,17000,69.4,28.3,71.4,26.282758620689656,357000,10,44,rome-1960
Italy,IT,ITA,1960,1,49500000,13100,69.9,30.3,59.4,25.76551724137931,301000,10,38,rome-1960
Hungary,HU,HUN,1960,0,9980000,8100,68.1,29.1,55.9,26.106896551724137,93000,-7,24,rome-1960
Australia,AU,AUS,1960,0,10300000,18800,71.1,27.5,81.5,26.19310344827586,7740000,10,22,rome-1960
Poland,PL,POL,1960,0,29600000,6950,67.9,30.1,47.9,25.679310344827588,313000,-7,22,rome-1960
Japan,JP,JPN,1960,0,96400000,8360,68.3,32.7,63.3,22.7,378000,10,18,rome-1960
Romania,RO,ROU,1960,0,18300000,2420,65.8,32.5,34.2,24.81034482758621,238000,-7,10,rome-1960
Turkey,TR,TUR,1960,0,28300000,4700,49.5,27.5,31.5,25.048275862068966,785000,7,9,rome-1960
Bulgaria,BG,BUL,1960,0,7860000,5420,69.4,32.4,37.1,25.810344827586206,111000,-7,7,rome-1960
Denmark,DK,DEN,1960,0,4580000,19400,72.5,25.8,73.7,25.075862068965513,42900,10,7,rome-1960
Sweden,SE,SWE,1960,0,7480000,18500,73.4,25.7,72.5,25.441379310344825,447000,10,7,rome-1960
Switzerland,CH,SUI,1960,0,5330000,25500,71.8,28.5,70.9,25.610344827586207,41300,10,7,rome-1960
Finland,FI,FIN,1960,0,4430000,13400,69.2,27.3,55.3,25.924137931034487,338000,10,6,rome-1960
France,FR,FRA,1960,0,46400000,15700,71.2,27.7,61.9,25.18275862068966,549000,5,5,rome-1960
Belgium,BE,BEL,1960,0,9100000,15300,70.1,27.8,92.5,25.81724137931035,33100,10,4,rome-1960
Austria,AT,AUT,1960,0,7050000,14800,69.0,26.4,64.7,25.57241379310345,83900,10,3,rome-1960
Netherlands,NL,NED,1960,0,11500000,18000,73.5,27.0,59.8,24.872413793103448,41500,10,3,rome-1960
New Zealand,NZ,NZL,1960,0,2380000,20900,71.2,25.7,76.0,26.331034482758618,268000,10,3,rome-1960
South Africa,ZA,RSA,1960,0,16399999,7180,53.9,27.2,46.6,24.224137931034484,1220000,4,3,rome-1960
Argentina,AR,ARG,1960,0,20400000,12900,65.3,30.3,73.6,26.358620689655172,2780000,-1,2,rome-1960
Brazil,BR,BRA,1960,0,72400000,4550,52.4,28.2,46.1,24.089655172413792,8520000,6,2,rome-1960
Norway,NO,NOR    ,1960,0,3580000,16400,73.4,25.0,49.9,25.63103448275862,385000,10,2,rome-1960
Norway,NO,NOR,1960,0,3580000,16400,73.4,25.0,49.9,25.63103448275862,385000,10,2,rome-1960
Pakistan,PK,PAK,1960,0,45700000,1390,51.3,29.4,22.1,21.837931034482757,796000,-7,2,rome-1960
Portugal,PT,POR,1960,0,8870000,6620,64.7,29.5,35.0,25.66896551724138,92100,-9,2,rome-1960
Canada,CA,CAN,1960,0,17900000,19000,71.2,27.5,69.1,26.43793103448276,9880000,10,1,rome-1960
Ethiopia,ET,ETH,1960,0,21400000,923,40.8,28.6,6.43,19.744827586206892,1220000,-9,1,rome-1960
Ghana,GH,GHA,1960,0,6960000,2990,51.0,29.8,23.3,21.693103448275863,239000,-8,1,rome-1960
Greece,GR,GRE,1960,0,8380000,7370,72.4,33.2,55.9,25.42068965517241,132000,4,1,rome-1960
India,IN,IND,1960,0,436000000,1470,45.8,28.6,17.9,20.810344827586206,3290000,9,1,rome-1960
Iraq,IQ,IRQ,1960,0,7020000,5550,60.5,26.5,42.9,25.875862068965517,438000,-5,1,rome-1960
Mexico,MX,MEX,1960,0,36700000,7060,57.1,26.1,50.8,25.993103448275857,1960000,-6,1,rome-1960
Morocco,MA,MAR,1960,0,11600000,2530,46.7,29.3,29.4,24.37931034482759,447000,-5,1,rome-1960
Singapore,SG,SGP,1960,0,1620000,5200,65.5,27.2,100.0,23.3655172413793,680,7,1,rome-1960
Spain,ES,ESP,1960,0,30400000,7600,69.5,30.5,56.6,26.17241379310345,506000,-7,1,rome-1960
Venezuela,VE,VEN,1960,0,8160000,16000,65.2,26.9,61.6,25.98620689655172,912000,6,1,rome-1960
Bulgaria,BG,BUL,1988,0,8990000,13900,70.1,27.7,65.7,25.810344827586206,111000,-7,38,seoul-1988
Romania,RO,ROU,1988,0,22800000,12900,69.6,28.0,51.8,24.81034482758621,238000,-8,26,seoul-1988
Hungary,HU,HUN,1988,0,10400000,18000,70.0,28.4,65.6,26.106896551724137,93000,-2,24,seoul-1988
France,FR,FRA,1988,0,56400000,33700,76.8,30.7,73.9,25.18275862068966,549000,9,19,seoul-1988
Poland,PL,POL,1988,0,37800000,12200,71.4,31.5,61.0,25.679310344827588,313000,-6,18,seoul-1988
New Zealand,NZ,NZL,1988,0,3320000,29400,74.8,31.8,84.3,26.331034482758618,268000,10,17,seoul-1988
Australia,AU,AUS,1988,0,16600000,32400,76.4,32.3,85.5,26.19310344827586,7740000,10,16,seoul-1988
Japan,JP,JPN,1988,0,122000000,32700,79.0,27.7,77.1,22.7,378000,10,15,seoul-1988
Italy,IT,ITA,1988,0,56900000,35000,76.7,29.5,66.8,25.76551724137931,301000,10,14,seoul-1988
Sweden,SE,SWE,1988,0,8440000,35200,77.4,28.1,83.1,25.441379310344825,447000,10,13,seoul-1988
Canada,CA,CAN,1988,0,26900000,37300,77.0,35.0,76.5,26.43793103448276,9880000,10,12,seoul-1988
Netherlands,NL,NED,1988,0,14800000,34700,77.1,33.2,67.9,24.872413793103448,41500,10,11,seoul-1988
Kenya,KE,KEN,1988,0,21400000,3180,63.3,25.8,16.4,20.92413793103448,580000,-7,9,seoul-1988
Brazil,BR,BRA,1988,0,144000000,11100,66.1,32.1,72.3,24.089655172413792,8520000,8,8,seoul-1988
Norway,NO,NOR    ,1988,0,4210000,41300,76.5,30.2,71.7,25.63103448275862,385000,10,6,seoul-1988
Norway,NO,NOR,1988,0,4210000,41300,76.5,30.2,71.7,25.63103448275862,385000,10,6,seoul-1988
Denmark,DK,DEN,1988,0,5130000,39200,75.1,30.2,84.7,25.075862068965513,42900,10,5,seoul-1988
Spain,ES,ESP,1988,0,39000000,25100,76.9,29.6,74.9,26.17241379310345,506000,10,5,seoul-1988
Switzerland,CH,SUI,1988,0,6590000,50700,77.8,31.1,74.0,25.610344827586207,41300,10,5,seoul-1988
Finland,FI,FIN,1988,0,4950000,33000,75.1,31.6,78.0,25.924137931034487,338000,10,4,seoul-1988
Morocco,MA,MAR,1988,0,23500000,4480,65.7,29.3,46.9,24.37931034482759,447000,-8,3,seoul-1988
Argentina,AR,ARG,1988,0,31800000,16000,72.1,28.6,86.2,26.358620689655172,2780000,8,2,seoul-1988
Belgium,BE,BEL,1988,0,9920000,34600,75.7,30.8,96.2,25.81724137931035,33100,10,2,seoul-1988
Jamaica,JM,JAM,1988,0,2350000,7950,74.5,29.8,49.0,22.99655172413793,11000,10,2,seoul-1988
Mexico,MX,MEX,1988,0,79700000,14100,69.9,29.4,70.5,25.993103448275857,1960000,0,2,seoul-1988
Turkey,TR,TUR,1988,0,53900000,11700,68.0,30.3,56.6,25.048275862068966,785000,7,2,seoul-1988
Austria,AT,AUT,1988,0,7590000,35200,75.5,30.9,63.5,25.57241379310345,83900,10,1,seoul-1988
Chile,CL,CHI,1988,0,13000000,9940,73.2,33.1,83.0,25.62758620689655,756000,-1,1,seoul-1988
Colombia,CO,COL,1988,0,31100000,8850,70.6,33.4,68.5,23.49310344827586,1140000,8,1,seoul-1988
Costa Rica,CR,CRC,1988,0,2970000,9710,76.6,32.8,48.2,24.97241379310345,51100,10,1,seoul-1988
Djibouti,DJ,DJI,1988,0,485000,4070,60.8,26.9,75.5,22.265517241379307,23200,-8,1,seoul-1988
Greece,GR,GRE,1988,0,10200000,23200,76.8,27.9,71.1,25.42068965517241,132000,10,1,seoul-1988
Indonesia,ID,INA,1988,0,177000000,4250,63.2,30.0,28.7,20.73448275862069,1910000,-7,1,seoul-1988
Mongolia,MN,MGL,1988,0,2080000,4440,60.0,29.5,56.8,23.920689655172417,1560000,-7,1,seoul-1988
Pakistan,PK,PAK,1988,0,109000000,3110,61.0,27.2,30.1,21.837931034482757,796000,8,1,seoul-1988
Peru,PE,PER,1988,0,21100000,7200,68.9,29.7,68.1,23.76551724137931,1290000,7,1,seoul-1988
Philippines,PH,PHI,1988,0,59700000,4270,67.4,31.5,45.2,22.051724137931036,300000,8,1,seoul-1988
Portugal,PT,POR,1988,0,10000000,21000,74.1,28.8,46.9,25.66896551724138,92100,10,1,seoul-1988
Senegal,SN,SEN,1988,0,7290000,2670,57.9,25.0,38.6,21.013793103448272,197000,-1,1,seoul-1988
Suriname,SR,SUR,1988,0,402000,14500,69.7,32.8,65.6,24.19655172413793,164000,-1,1,seoul-1988
Thailand,TH,THA,1988,0,53000000,6730,71.2,35.2,28.9,21.768965517241377,513000,3,1,seoul-1988
Australia,AU,AUS,2000,1,19100000,40200,79.7,29.6,84.2,26.19310344827586,7740000,10,69,sydney-2000
Germany,DE,GER,2000,0,81800000,43600,78.4,28.7,75.0,26.282758620689656,357000,10,64,sydney-2000
France,FR,FRA,2000,0,59500000,40800,79.2,28.0,75.9,25.18275862068966,549000,9,42,sydney-2000
Italy,IT,ITA,2000,0,57300000,43600,79.6,30.0,67.2,25.76551724137931,302000,10,38,sydney-2000
Cuba,CU,CUB,2000,0,11100000,5590,77.0,35.3,75.3,23.782758620689652,110000,-7,30,sydney-2000
Romania,RO,ROU,2000,0,22000000,11900,71.2,30.2,53.0,24.81034482758621,238000,8,30,sydney-2000
Netherlands,NL,NED,2000,0,16100000,48300,78.3,29.9,76.8,24.872413793103448,41500,10,27,sydney-2000
Ukraine,UA,UKR,2000,0,49600000,7480,68.0,28.8,67.1,24.95862068965517,604000,6,25,sydney-2000
Hungary,HU,HUN,2000,0,10200000,19300,71.9,28.4,64.6,26.106896551724137,93000,10,21,sydney-2000
Japan,JP,JPN,2000,0,127000000,37700,81.6,27.7,78.6,22.7,378000,10,19,sydney-2000
Poland,PL,POL,2000,0,38300000,16400,73.9,28.3,61.7,25.679310344827588,313000,9,18,sydney-2000
Belarus,BY,BLR,2000,0,9990000,8620,69.0,29.0,70.0,25.213793103448282,208000,-7,17,sydney-2000
Brazil,BR,BRA,2000,0,174000000,11900,71.2,33.0,81.2,24.089655172413792,8520000,8,16,sydney-2000
Canada,CA,CAN,2000,0,30900000,42800,79.4,29.7,79.5,26.43793103448276,9880000,10,16,sydney-2000
Bulgaria,BG,BUL,2000,0,8000000,10700,70.2,27.9,68.9,25.810344827586206,111000,8,13,sydney-2000
Greece,GR,GRE,2000,0,10800000,29200,78.4,30.2,72.7,25.42068965517241,132000,10,13,sydney-2000
Sweden,SE,SWE,2000,0,8870000,41700,80.0,26.7,84.0,25.441379310344825,447000,10,13,sydney-2000
Spain,ES,ESP,2000,0,41000000,35300,79.5,32.9,76.3,26.17241379310345,505000,10,12,sydney-2000
Norway,NO,NOR    ,2000,0,4490000,59900,78.9,28.7,76.0,25.63103448275862,385000,10,11,sydney-2000
Norway,NO,NOR,2000,0,4490000,59900,78.9,28.7,76.0,25.63103448275862,385000,10,11,sydney-2000
Czech Republic,CZ,CZE,2000,0,10200000,24900,75.2,30.0,74.0,27.003448275862066,78900,10,9,sydney-2000
Jamaica,JM,JAM,2000,0,2610000,9470,74.6,31.9,51.8,22.99655172413793,11000,9,9,sydney-2000
Switzerland,CH,SUI,2000,0,7180000,59500,80.3,29.0,73.4,25.610344827586207,41300,10,9,sydney-2000
Ethiopia,ET,ETH,2000,0,67400000,764,51.1,26.5,14.7,19.744827586206892,1100000,1,8,sydney-2000
Indonesia,ID,INA,2000,0,216000000,5880,67.2,33.9,42.0,20.73448275862069,1910000,6,8,sydney-2000
Belgium,BE,BEL,2000,0,10300000,43700,78.0,28.2,97.1,25.81724137931035,30500,10,7,sydney-2000
Kazakhstan,KZ,KAZ,2000,0,15500000,10700,64.7,31.7,56.1,25.12413793103448,2720000,-4,7,sydney-2000
Kenya,KE,KEN,2000,0,30600000,3210,54.8,29.1,19.9,20.92413793103448,580000,-2,7,sydney-2000
Denmark,DK,DEN,2000,0,5340000,49800,77.2,28.7,85.1,25.075862068965513,42900,10,6,sydney-2000
Georgia,GE,GEO,2000,0,4330000,5170,70.7,28.8,52.6,24.87241379310345,69700,5,6,sydney-2000
Lithuania,LT,LTU,2000,0,3500000,14100,72.2,29.0,67.0,26.089655172413792,65300,10,6,sydney-2000
Mexico,MX,MEX,2000,0,98600000,18000,74.2,32.0,74.7,25.993103448275857,1960000,8,6,sydney-2000
Algeria,DZ,ALG,2000,0,30900000,8920,71.0,33.2,59.9,23.37241379310345,2380000,-3,5,sydney-2000
Argentina,AR,ARG,2000,0,37200000,18800,74.2,28.9,89.1,26.358620689655172,2780000,8,5,sydney-2000
Finland,FI,FIN,2000,0,5180000,40800,78.0,26.4,82.2,25.924137931034487,338000,10,5,sydney-2000
Morocco,MA,MAR,2000,0,28400000,5020,69.5,32.2,53.3,24.37931034482759,447000,-6,5,sydney-2000
South Africa,ZA,RSA,2000,0,47200000,10600,55.6,31.3,56.9,24.224137931034484,1220000,9,5,sydney-2000
Turkey,TR,TUR,2000,0,65400000,15500,74.7,33.1,64.7,25.048275862068966,785000,7,5,sydney-2000
Austria,AT,AUT,2000,0,8010000,46900,78.5,30.1,60.2,25.57241379310345,83900,10,4,sydney-2000
New Zealand,NZ,NZL,2000,0,3860000,33500,78.4,29.2,86.0,26.331034482758618,268000,10,4,sydney-2000
Uzbekistan,UZ,UZB,2000,0,24800000,3330,65.1,30.9,46.1,24.793103448275858,444000,-9,4,sydney-2000
Azerbaijan,AZ,AZE,2000,0,8170000,4240,66.5,33.6,51.4,24.76551724137931,86600,-7,3,sydney-2000
Estonia,EE,EST,2000,0,1400000,18500,71.0,28.0,69.4,25.086206896551722,45200,9,3,sydney-2000
Latvia,LV,LAT,2000,0,2370000,13400,70.7,27.8,68.1,25.46896551724138,64599,8,3,sydney-2000
Nigeria,NG,NGR,2000,0,126000000,2980,54.6,27.7,34.8,21.79310344827586,924000,4,3,sydney-2000
Slovenia,SI,SLO,2000,0,1990000,26900,76.3,30.3,50.8,26.389655172413796,20300,10,3,sydney-2000
Thailand,TH,THA,2000,0,63000000,10300,71.8,34.6,31.4,21.768965517241377,513000,9,3,sydney-2000
Costa Rica,CR,CRC,2000,0,3940000,12700,77.9,31.9,59.1,24.97241379310345,51100,10,2,sydney-2000
Croatia,HR,CRO,2000,0,4330000,18400,74.7,27.1,53.4,25.744827586206902,56500,8,2,sydney-2000
Portugal,PT,POR,2000,0,10300000,30800,76.8,30.2,54.4,25.66896551724138,92100,10,2,sydney-2000
Saudi Arabia,SA,KSA,2000,0,16200000,39400,70.4,31.2,79.8,26.400000000000002,2150000,-10,2,sydney-2000
Trinidad and Tobago,TT,TTO,2000,0,1320000,17500,70.5,33.5,55.9,25.365517241379308,5130,10,2,sydney-2000
Armenia,AM,ARM,2000,0,3130000,4290,72.4,28.8,64.7,24.2551724137931,29700,5,1,sydney-2000
Cameroon,CM,CMR,2000,0,14900000,2920,54.5,27.2,45.5,22.662068965517243,475000,-4,1,sydney-2000
Chile,CL,CHI,2000,0,15500000,16200,76.9,31.9,86.1,25.62758620689655,756000,9,1,sydney-2000
Colombia,CO,COL,2000,0,39100000,9510,74.2,32.9,74.0,23.49310344827586,1140000,7,1,sydney-2000
India,IN,IND,2000,0,1060000000,2730,62.9,30.7,27.7,20.810344827586206,3290000,9,1,sydney-2000
Ireland,IE,IRL,2000,0,3800000,49500,76.8,30.7,59.2,26.5448275862069,70300,10,1,sydney-2000
Israel,IL,ISR,2000,0,6110000,31400,78.9,29.4,91.2,25.75862068965517,22100,10,1,sydney-2000
Kuwait,KW,KUW,2000,0,1950000,57100,78.1,41.5,99.0,27.16551724137931,17800,-7,1,sydney-2000
Mozambique,MZ,MOZ,2000,0,18100000,653,52.2,26.7,29.1,20.920689655172417,799000,5,1,sydney-2000
North Macedonia,MK,MKD,2000,0,2060000,10400,71.5,30.2,58.5,25.68965517241379,25700,6,1,sydney-2000
Qatar,QA,QAT,2000,0,645000,77200,71.2,43.5,96.3,26.348275862068963,11600,-10,1,sydney-2000
Sri Lanka,LK,SRI,2000,0,19300000,6430,71.5,32.7,18.4,21.106896551724137,65600,5,1,sydney-2000
Uruguay,UY,URU,2000,0,3270000,15300,74.8,28.8,92.0,25.29310344827586,176000,10,1,sydney-2000
Vietnam,VN,VIE,2000,0,77200000,3730,72.2,32.8,24.4,19.7448275862069,329000,-7,1,sydney-2000
Germany,DE,GER,1964,0,75300000,19400,70.5,28.6,71.9,26.282758620689656,357000,10,54,tokyo-1964
Japan,JP,JPN,1964,1,99900000,11700,70.7,34.2,67.0,22.7,378000,10,29,tokyo-1964
Italy,IT,ITA,1964,0,51000000,16300,70.7,28.9,61.4,25.76551724137931,301000,10,28,tokyo-1964
Poland,PL,POL,1964,0,31000000,7750,69.1,28.4,49.7,25.679310344827588,313000,-7,23,tokyo-1964
Hungary,HU,HUN,1964,0,10100000,9700,69.5,28.5,57.6,26.106896551724137,93000,-7,22,tokyo-1964
Australia,AU,AUS,1964,0,11100000,20900,71.0,26.4,82.8,26.19310344827586,7740000,10,18,tokyo-1964
France,FR,FRA,1964,0,48300000,18500,71.7,26.1,65.9,25.18275862068966,549000,5,16,tokyo-1964
Romania,RO,ROU,1964,0,18700000,3270,68.7,32.0,37.0,24.81034482758621,238000,-7,13,tokyo-1964
Netherlands,NL,NED,1964,0,12100000,20500,73.7,26.4,60.6,24.872413793103448,41500,10,12,tokyo-1964
Bulgaria,BG,BUL,1964,0,8140000,6540,71.3,30.6,44.0,25.810344827586206,111000,-7,10,tokyo-1964
Sweden,SE,SWE,1964,0,7660000,22100,74.0,25.3,76.2,25.441379310344825,447000,10,10,tokyo-1964
Denmark,DK,DEN,1964,0,4720000,23100,72.7,25.8,76.4,25.075862068965513,42900,10,7,tokyo-1964
New Zealand,NZ,NZL,1964,0,2590000,22900,71.5,25.1,78.3,26.331034482758618,268000,10,6,tokyo-1964
Turkey,TR,TUR,1964,0,31500000,5380,52.6,26.9,33.7,25.048275862068966,785000,9,6,tokyo-1964
Canada,CA,CAN,1964,0,19300000,21500,71.8,26.1,72.1,26.43793103448276,9880000,10,5,tokyo-1964
Finland,FI,FIN,1964,0,4550000,15600,69.5,26.8,58.8,25.924137931034487,338000,10,5,tokyo-1964
Switzerland,CH,SUI,1964,0,5790000,30100,72.3,28.7,72.1,25.610344827586207,41300,10,4,tokyo-1964
Belgium,BE,BEL,1964,0,9340000,18200,70.7,26.0,93.0,25.81724137931035,33100,10,3,tokyo-1964
Trinidad and Tobago,TT,TTO,1964,0,913000,12400,64.9,24.9,37.6,25.365517241379308,5130,8,3,tokyo-1964
Tunisia,TN,TUN,1964,0,4490000,3090,52.1,25.9,39.3,23.551724137931036,164000,-9,2,tokyo-1964
Argentina,AR,ARG,1964,0,21800000,13600,65.8,29.5,75.8,26.358620689655172,2780000,-1,1,tokyo-1964
Brazil,BR,BRA,1964,0,81500000,4980,54.4,27.5,50.1,24.089655172413792,8520000,-3,1,tokyo-1964
Cuba,CU,CUB,1964,0,7870000,4460,70.1,28.6,59.1,23.782758620689652,110000,-7,1,tokyo-1964
Ethiopia,ET,ETH,1964,0,23700000,1050,41.6,28.6,7.34,19.744827586206892,1220000,-9,1,tokyo-1964
Ghana,GH,GHA,1964,0,7700000,3040,52.7,28.1,25.5,21.693103448275863,239000,-9,1,tokyo-1964
India,IN,IND,1964,0,479000000,1570,47.1,27.6,18.6,20.810344827586206,3290000,9,1,tokyo-1964
Ireland,IE,IRL,1964,0,2860000,11600,70.6,22.0,46.0,26.5448275862069,70300,10,1,tokyo-1964
Kenya,KE,KEN,1964,0,8970000,2050,56.0,25.3,8.32,20.92413793103448,580000,2,1,tokyo-1964
Mexico,MX,MEX,1964,0,41800000,8380,59.5,25.8,54.1,25.993103448275857,1960000,-6,1,tokyo-1964
Nigeria,NG,NGR,1964,0,49000000,2470,47.9,28.7,16.3,21.79310344827586,924000,7,1,tokyo-1964
Pakistan,PK,PAK,1964,0,50800000,1610,54.4,28.8,23.3,21.837931034482757,796000,1,1,tokyo-1964
Philippines,PH,PHI,1964,0,31600000,3440,62.5,25.2,31.3,22.051724137931036,300000,5,1,tokyo-1964
Uruguay,UY,URU,1964,0,2650000,9930,68.7,29.9,81.1,25.29310344827586,176000,8,1,tokyo-1964
Japan,JP,JPN,2020,1,126000000,40000,85.1,20.5,91.8,22.7,378000,10,60,tokyo-2020
Australia,AU,AUS,2020,0,25700000,48700,84.1,28.6,86.2,26.19310344827586,7740000,10,50,tokyo-2020
Germany,DE,GER,2020,0,83600000,51800,80.8,24.5,77.5,26.282758620689656,358000,10,46,tokyo-2020
Italy,IT,ITA,2020,0,59900000,39100,82.0,21.7,71.0,25.76551724137931,302000,10,43,tokyo-2020
Netherlands,NL,NED,2020,0,17600000,54300,81.3,25.4,92.2,24.872413793103448,41500,10,41,tokyo-2020
France,FR,FRA,2020,0,65900000,42200,82.3,23.6,81.0,25.18275862068966,549000,9,37,tokyo-2020
Canada,CA,CAN,2020,0,38200000,46200,81.9,27.4,81.6,26.43793103448276,9880000,10,27,tokyo-2020
New Zealand,NZ,NZL,2020,0,5070000,42100,82.0,28.0,86.7,26.331034482758618,268000,10,25,tokyo-2020
Brazil,BR,BRA,2020,0,209000000,14100,74.5,32.0,87.1,24.089655172413792,8520000,8,23,tokyo-2020
Ukraine,UA,UKR,2020,0,44700000,12400,71.9,27.6,69.6,24.95862068965517,604000,6,22,tokyo-2020
Hungary,HU,HUN,2020,0,9750000,31200,75.9,24.8,71.9,26.106896551724137,93000,10,21,tokyo-2020
Spain,ES,ESP,2020,0,47700000,36000,81.8,23.3,80.8,26.17241379310345,506000,10,19,tokyo-2020
Cuba,CU,CUB,2020,0,11200000,10800,78.6,25.8,77.2,23.782758620689652,110000,-7,16,tokyo-2020
Poland,PL,POL,2020,0,38200000,32500,77.1,28.0,60.0,25.679310344827588,313000,10,16,tokyo-2020
Switzerland,CH,SUI,2020,0,8640000,67800,83.3,26.4,73.9,25.610344827586207,41300,10,15,tokyo-2020
Denmark,DK,DEN,2020,0,5830000,55500,81.2,25.2,88.1,25.075862068965513,42900,10,14,tokyo-2020
Czech Republic,CZ,CZE,2020,0,10600000,38600,78.8,23.9,74.1,27.003448275862066,78900,8,13,tokyo-2020
Turkey,TR,TUR,2020,0,86100000,28500,76.4,31.9,76.1,25.048275862068966,785000,9,13,tokyo-2020
Croatia,HR,CRO,2020,0,3950000,26900,77.9,23.4,57.6,25.744827586206902,88100,9,11,tokyo-2020
Kenya,KE,KEN,2020,0,52200000,4500,66.2,30.9,28.0,20.92413793103448,580000,8,10,tokyo-2020
Sweden,SE,SWE,2020,0,10400000,51300,82.2,26.0,88.0,25.441379310344825,529000,10,10,tokyo-2020
Jamaica,JM,JAM,2020,0,2830000,9210,76.4,35.5,56.3,22.99655172413793,11000,9,9,tokyo-2020
Norway,NO,NOR    ,2020,0,5380000,63800,83.1,26.8,83.0,25.63103448275862,624000,10,9,tokyo-2020
Norway,NO,NOR,2020,0,5380000,63800,83.1,26.8,83.0,25.63103448275862,624000,10,9,tokyo-2020
Serbia,RS,SRB,2020,0,6910000,18300,74.4,24.4,56.4,25.968965517241376,85000,8,9,tokyo-2020
Georgia,GE,GEO,2020,0,3800000,14000,72.7,27.0,59.5,24.87241379310345,69700,6,8,tokyo-2020
Kazakhstan,KZ,KAZ,2020,0,19500000,25400,70.4,29.4,57.7,25.12413793103448,2720000,-6,8,tokyo-2020
Austria,AT,AUT,2020,0,8920000,52000,81.8,26.2,58.7,25.57241379310345,83900,10,7,tokyo-2020
Azerbaijan,AZ,AZE,2020,0,10200000,13700,64.9,33.4,56.4,24.76551724137931,86600,-7,7,tokyo-2020
Belarus,BY,BLR,2020,0,9350000,19200,72.3,27.4,79.5,25.213793103448282,208000,-7,7,tokyo-2020
Belgium,BE,BEL,2020,0,11500000,49000,80.4,25.3,98.1,25.81724137931035,30500,8,7,tokyo-2020
India,IN,IND,2020,0,1400000000,6170,70.0,33.2,34.9,20.810344827586206,3290000,9,7,tokyo-2020
Bulgaria,BG,BUL,2020,0,6930000,22500,72.0,23.6,75.7,25.810344827586206,111000,9,6,tokyo-2020
Egypt,EG,EGY,2020,0,109000000,12000,70.6,30.9,42.8,25.50689655172414,1000000,-2,6,tokyo-2020
Indonesia,ID,INA,2020,0,275000000,11500,69.7,31.2,56.6,20.73448275862069,1920000,8,6,tokyo-2020
Mexico,MX,MEX,2020,0,127000000,18300,71.5,31.7,80.7,25.993103448275857,1960000,8,6,tokyo-2020
Romania,RO,ROU,2020,0,19400000,29100,74.4,24.1,54.2,24.81034482758621,238000,9,6,tokyo-2020
Colombia,CO,COL,2020,0,50600000,13400,78.1,33.2,81.4,23.49310344827586,1140000,7,5,tokyo-2020
Dominican Republic,DO,DOM,2020,0,11000000,16800,72.5,31.6,82.5,23.813793103448276,147000,8,5,tokyo-2020
Ireland,IE,IRL,2020,0,4980000,91400,82.2,26.2,63.7,26.5448275862069,70300,10,5,tokyo-2020
Slovenia,SI,SLO,2020,0,2100000,37100,80.3,24.2,55.1,26.389655172413796,20500,10,5,tokyo-2020
Uzbekistan,UZ,UZB,2020,0,33600000,7410,67.5,33.7,50.4,24.793103448275858,449000,-9,5,tokyo-2020
Armenia,AM,ARM,2020,0,2890000,13400,72.5,30.2,63.3,24.2551724137931,29700,5,4,tokyo-2020
Ethiopia,ET,ETH,2020,0,119000000,2250,68.4,30.1,21.7,19.744827586206892,1140000,1,4,tokyo-2020
Greece,GR,GRE,2020,0,10700000,27100,80.6,22.8,79.7,25.42068965517241,132000,10,4,tokyo-2020
Israel,IL,ISR,2020,0,8800000,39700,82.5,27.0,92.6,25.75862068965517,22100,10,4,tokyo-2020
Mongolia,MN,MGL,2020,0,3290000,11700,68.4,31.3,68.7,23.920689655172417,1560000,10,4,tokyo-2020
Philippines,PH,PHI,2020,0,112000000,7770,72.1,32.5,47.4,22.051724137931036,300000,8,4,tokyo-2020
Portugal,PT,POR,2020,0,10400000,32000,81.1,22.4,66.3,25.66896551724138,92200,10,4,tokyo-2020
Qatar,QA,QAT,2020,0,2800000,89000,74.5,54.3,99.2,26.348275862068963,11500,-10,4,tokyo-2020
Uganda,UG,UGA,2020,0,44500000,2240,66.1,29.1,25.0,21.713793103448282,242000,-1,4,tokyo-2020
Venezuela,VE,VEN,2020,0,28400000,5460,73.9,27.6,88.3,25.98620689655172,912000,-3,4,tokyo-2020
Argentina,AR,ARG,2020,0,45200000,19700,75.2,29.9,92.1,26.358620689655172,2780000,8,3,tokyo-2020
Ecuador,EC,ECU,2020,0,17500000,10400,71.3,32.8,64.2,24.610344827586204,256000,5,3,tokyo-2020
Malaysia,MY,MAS,2020,0,33900000,25800,75.2,35.3,77.2,23.134482758620692,330000,6,3,tokyo-2020
South Africa,ZA,RSA,2020,0,60600000,12800,64.2,35.5,67.4,24.224137931034484,1220000,9,3,tokyo-2020
Estonia,EE,EST,2020,0,1330000,35900,77.7,25.5,69.2,25.086206896551722,45300,9,2,tokyo-2020
Fiji,FJ,FIJ,2020,0,915000,11000,68.4,31.8,57.2,24.34137931034483,18300,-4,2,tokyo-2020
Finland,FI,FIN,2020,0,5530000,47400,81.9,25.0,85.5,25.924137931034487,338000,10,2,tokyo-2020
Jordan,JO,JOR,2020,0,10900000,9180,77.3,32.7,91.4,26.137931034482754,89300,-3,2,tokyo-2020
Latvia,LV,LAT,2020,0,1900000,30600,75.8,24.4,68.3,25.46896551724138,64599,8,2,tokyo-2020
Nigeria,NG,NGR,2020,0,214000000,4870,64.3,28.1,52.0,21.79310344827586,924000,4,2,tokyo-2020
Thailand,TH,THA,2020,0,71600000,16900,78.7,28.6,51.4,21.768965517241377,513000,7,2,tokyo-2020
Tunisia,TN,TUN,2020,0,12000000,10000,77.0,30.6,69.6,23.551724137931036,164000,-4,2,tokyo-2020
Bahrain,BH,BRN,2020,0,1480000,48000,76.2,44.1,89.5,25.78620689655172,785,-8,1,tokyo-2020
Botswana,BW,BOT,2020,0,2370000,13500,62.4,35.2,70.9,20.624137931034483,582000,8,1,tokyo-2020
Burkina Faso,BF,BUR,2020,0,21500000,2090,61.4,28.6,30.6,20.527586206896554,274000,0,1,tokyo-2020
Ghana,GH,GHA,2020,0,31900000,5260,65.7,30.7,57.3,21.693103448275863,239000,8,1,tokyo-2020
Kuwait,KW,KUW,2020,0,4400000,43900,78.6,29.0,100.0,27.16551724137931,17800,-7,1,tokyo-2020
Lithuania,LT,LTU,2020,0,2800000,37200,75.1,25.1,68.0,26.089655172413792,65300,10,1,tokyo-2020
Morocco,MA,MAR,2020,0,36600000,7550,73.0,31.4,63.5,24.37931034482759,447000,-4,1,tokyo-2020
North Macedonia,MK,MKD,2020,0,1870000,15800,72.3,26.5,58.5,25.68965517241379,25700,9,1,tokyo-2020
Saudi Arabia,SA,KSA,2020,0,31000000,44800,73.5,42.1,84.3,26.400000000000002,2150000,-10,1,tokyo-2020
Turkmenistan,TM,TKM,2020,0,6950000,14300,70.5,33.8,52.5,24.572413793103443,488000,-9,1,tokyo-2020
